schema_version=1.3.0,config_hash=0F3E279460381A76F61A45F60117A238858BFD9DA5D1653198A68E25CE426B0F,data_version=C531EDAA1B2B3EB9286B3EDA98B6443DD365C1A8DFEA2AFB4B77FC7DDD1D6122
sequence,utc_ts,event_type,payload_json
1,2025-01-02T00:01:00.0000000Z,BAR_V1,"{""InstrumentId"":{""Value"":""EURUSD""},""IntervalSeconds"":60,""StartUtc"":""2025-01-02T00:00:00Z"",""EndUtc"":""2025-01-02T00:01:00Z"",""Open"":1.10000,""High"":1.10000,""Low"":1.10000,""Close"":1.10000,""Volume"":1000}"
2,2025-01-02T00:01:00.0000000Z,BAR_V1,"{""InstrumentId"":{""Value"":""USDJPY""},""IntervalSeconds"":60,""StartUtc"":""2025-01-02T00:00:00Z"",""EndUtc"":""2025-01-02T00:01:00Z"",""Open"":145.000,""High"":145.000,""Low"":145.000,""Close"":145.000,""Volume"":1000}"
3,2025-01-02T00:01:00.0000000Z,BAR_V1,"{""InstrumentId"":{""Value"":""XAUUSD""},""IntervalSeconds"":60,""StartUtc"":""2025-01-02T00:00:00Z"",""EndUtc"":""2025-01-02T00:01:00Z"",""Open"":2000.00,""High"":2000.00,""Low"":2000.00,""Close"":2000.00,""Volume"":1}"
4,2025-01-02T00:02:00.0000000Z,BAR_V1,"{""InstrumentId"":{""Value"":""EURUSD""},""IntervalSeconds"":60,""StartUtc"":""2025-01-02T00:01:00Z"",""EndUtc"":""2025-01-02T00:02:00Z"",""Open"":1.10010,""High"":1.10010,""Low"":1.10010,""Close"":1.10010,""Volume"":1000}"
5,2025-01-02T00:02:00.0000000Z,BAR_V1,"{""InstrumentId"":{""Value"":""USDJPY""},""IntervalSeconds"":60,""StartUtc"":""2025-01-02T00:01:00Z"",""EndUtc"":""2025-01-02T00:02:00Z"",""Open"":145.010,""High"":145.010,""Low"":145.010,""Close"":145.010,""Volume"":1000}"
6,2025-01-02T00:02:00.0000000Z,BAR_V1,"{""InstrumentId"":{""Value"":""XAUUSD""},""IntervalSeconds"":60,""StartUtc"":""2025-01-02T00:01:00Z"",""EndUtc"":""2025-01-02T00:02:00Z"",""Open"":2000.10,""High"":2000.10,""Low"":2000.10,""Close"":2000.10,""Volume"":1}"
7,2025-01-02T00:03:00.0000000Z,BAR_V1,"{""InstrumentId"":{""Value"":""EURUSD""},""IntervalSeconds"":60,""StartUtc"":""2025-01-02T00:02:00Z"",""EndUtc"":""2025-01-02T00:03:00Z"",""Open"":1.10020,""High"":1.10020,""Low"":1.10020,""Close"":1.10020,""Volume"":1000}"
8,2025-01-02T00:03:00.0000000Z,BAR_V1,"{""InstrumentId"":{""Value"":""USDJPY""},""IntervalSeconds"":60,""StartUtc"":""2025-01-02T00:02:00Z"",""EndUtc"":""2025-01-02T00:03:00Z"",""Open"":145.020,""High"":145.020,""Low"":145.020,""Close"":145.020,""Volume"":1000}"
9,2025-01-02T00:03:00.0000000Z,BAR_V1,"{""InstrumentId"":{""Value"":""XAUUSD""},""IntervalSeconds"":60,""StartUtc"":""2025-01-02T00:02:00Z"",""EndUtc"":""2025-01-02T00:03:00Z"",""Open"":2000.20,""High"":2000.20,""Low"":2000.20,""Close"":2000.20,""Volume"":1}"
10,2025-01-02T00:04:00.0000000Z,BAR_V1,"{""InstrumentId"":{""Value"":""EURUSD""},""IntervalSeconds"":60,""StartUtc"":""2025-01-02T00:03:00Z"",""EndUtc"":""2025-01-02T00:04:00Z"",""Open"":1.10030,""High"":1.10030,""Low"":1.10030,""Close"":1.10030,""Volume"":1000}"
11,2025-01-02T00:04:00.0000000Z,BAR_V1,"{""InstrumentId"":{""Value"":""USDJPY""},""IntervalSeconds"":60,""StartUtc"":""2025-01-02T00:03:00Z"",""EndUtc"":""2025-01-02T00:04:00Z"",""Open"":145.030,""High"":145.030,""Low"":145.030,""Close"":145.030,""Volume"":1000}"
12,2025-01-02T00:04:00.0000000Z,BAR_V1,"{""InstrumentId"":{""Value"":""XAUUSD""},""IntervalSeconds"":60,""StartUtc"":""2025-01-02T00:03:00Z"",""EndUtc"":""2025-01-02T00:04:00Z"",""Open"":2000.30,""High"":2000.30,""Low"":2000.30,""Close"":2000.30,""Volume"":1}"
13,2025-01-02T00:05:00.0000000Z,BAR_V1,"{""InstrumentId"":{""Value"":""EURUSD""},""IntervalSeconds"":60,""StartUtc"":""2025-01-02T00:04:00Z"",""EndUtc"":""2025-01-02T00:05:00Z"",""Open"":1.10040,""High"":1.10040,""Low"":1.10040,""Close"":1.10040,""Volume"":1000}"
14,2025-01-02T00:05:00.0000000Z,BAR_V1,"{""InstrumentId"":{""Value"":""USDJPY""},""IntervalSeconds"":60,""StartUtc"":""2025-01-02T00:04:00Z"",""EndUtc"":""2025-01-02T00:05:00Z"",""Open"":145.040,""High"":145.040,""Low"":145.040,""Close"":145.040,""Volume"":1000}"
15,2025-01-02T00:05:00.0000000Z,BAR_V1,"{""InstrumentId"":{""Value"":""XAUUSD""},""IntervalSeconds"":60,""StartUtc"":""2025-01-02T00:04:00Z"",""EndUtc"":""2025-01-02T00:05:00Z"",""Open"":2000.40,""High"":2000.40,""Low"":2000.40,""Close"":2000.40,""Volume"":1}"
16,2025-01-02T00:06:00.0000000Z,BAR_V1,"{""InstrumentId"":{""Value"":""EURUSD""},""IntervalSeconds"":60,""StartUtc"":""2025-01-02T00:05:00Z"",""EndUtc"":""2025-01-02T00:06:00Z"",""Open"":1.10050,""High"":1.10050,""Low"":1.10050,""Close"":1.10050,""Volume"":1000}"
17,2025-01-02T00:06:00.0000000Z,BAR_V1,"{""InstrumentId"":{""Value"":""USDJPY""},""IntervalSeconds"":60,""StartUtc"":""2025-01-02T00:05:00Z"",""EndUtc"":""2025-01-02T00:06:00Z"",""Open"":145.050,""High"":145.050,""Low"":145.050,""Close"":145.050,""Volume"":1000}"
18,2025-01-02T00:06:00.0000000Z,BAR_V1,"{""InstrumentId"":{""Value"":""XAUUSD""},""IntervalSeconds"":60,""StartUtc"":""2025-01-02T00:05:00Z"",""EndUtc"":""2025-01-02T00:06:00Z"",""Open"":2000.50,""High"":2000.50,""Low"":2000.50,""Close"":2000.50,""Volume"":1}"
19,2025-01-02T00:07:00.0000000Z,BAR_V1,"{""InstrumentId"":{""Value"":""EURUSD""},""IntervalSeconds"":60,""StartUtc"":""2025-01-02T00:06:00Z"",""EndUtc"":""2025-01-02T00:07:00Z"",""Open"":1.10060,""High"":1.10060,""Low"":1.10060,""Close"":1.10060,""Volume"":1000}"
20,2025-01-02T00:07:00.0000000Z,BAR_V1,"{""InstrumentId"":{""Value"":""USDJPY""},""IntervalSeconds"":60,""StartUtc"":""2025-01-02T00:06:00Z"",""EndUtc"":""2025-01-02T00:07:00Z"",""Open"":145.060,""High"":145.060,""Low"":145.060,""Close"":145.060,""Volume"":1000}"
21,2025-01-02T00:07:00.0000000Z,BAR_V1,"{""InstrumentId"":{""Value"":""XAUUSD""},""IntervalSeconds"":60,""StartUtc"":""2025-01-02T00:06:00Z"",""EndUtc"":""2025-01-02T00:07:00Z"",""Open"":2000.60,""High"":2000.60,""Low"":2000.60,""Close"":2000.60,""Volume"":1}"
22,2025-01-02T00:08:00.0000000Z,BAR_V1,"{""InstrumentId"":{""Value"":""EURUSD""},""IntervalSeconds"":60,""StartUtc"":""2025-01-02T00:07:00Z"",""EndUtc"":""2025-01-02T00:08:00Z"",""Open"":1.10070,""High"":1.10070,""Low"":1.10070,""Close"":1.10070,""Volume"":1000}"
23,2025-01-02T00:08:00.0000000Z,BAR_V1,"{""InstrumentId"":{""Value"":""USDJPY""},""IntervalSeconds"":60,""StartUtc"":""2025-01-02T00:07:00Z"",""EndUtc"":""2025-01-02T00:08:00Z"",""Open"":145.070,""High"":145.070,""Low"":145.070,""Close"":145.070,""Volume"":1000}"
24,2025-01-02T00:08:00.0000000Z,BAR_V1,"{""InstrumentId"":{""Value"":""XAUUSD""},""IntervalSeconds"":60,""StartUtc"":""2025-01-02T00:07:00Z"",""EndUtc"":""2025-01-02T00:08:00Z"",""Open"":2000.70,""High"":2000.70,""Low"":2000.70,""Close"":2000.70,""Volume"":1}"
25,2025-01-02T00:09:00.0000000Z,BAR_V1,"{""InstrumentId"":{""Value"":""EURUSD""},""IntervalSeconds"":60,""StartUtc"":""2025-01-02T00:08:00Z"",""EndUtc"":""2025-01-02T00:09:00Z"",""Open"":1.10080,""High"":1.10080,""Low"":1.10080,""Close"":1.10080,""Volume"":1000}"
26,2025-01-02T00:09:00.0000000Z,BAR_V1,"{""InstrumentId"":{""Value"":""USDJPY""},""IntervalSeconds"":60,""StartUtc"":""2025-01-02T00:08:00Z"",""EndUtc"":""2025-01-02T00:09:00Z"",""Open"":145.080,""High"":145.080,""Low"":145.080,""Close"":145.080,""Volume"":1000}"
27,2025-01-02T00:09:00.0000000Z,BAR_V1,"{""InstrumentId"":{""Value"":""XAUUSD""},""IntervalSeconds"":60,""StartUtc"":""2025-01-02T00:08:00Z"",""EndUtc"":""2025-01-02T00:09:00Z"",""Open"":2000.80,""High"":2000.80,""Low"":2000.80,""Close"":2000.80,""Volume"":1}"
28,2025-01-02T00:10:00.0000000Z,BAR_V1,"{""InstrumentId"":{""Value"":""EURUSD""},""IntervalSeconds"":60,""StartUtc"":""2025-01-02T00:09:00Z"",""EndUtc"":""2025-01-02T00:10:00Z"",""Open"":1.10090,""High"":1.10090,""Low"":1.10090,""Close"":1.10090,""Volume"":1000}"
29,2025-01-02T00:10:00.0000000Z,BAR_V1,"{""InstrumentId"":{""Value"":""USDJPY""},""IntervalSeconds"":60,""StartUtc"":""2025-01-02T00:09:00Z"",""EndUtc"":""2025-01-02T00:10:00Z"",""Open"":145.090,""High"":145.090,""Low"":145.090,""Close"":145.090,""Volume"":1000}"
30,2025-01-02T00:10:00.0000000Z,BAR_V1,"{""InstrumentId"":{""Value"":""XAUUSD""},""IntervalSeconds"":60,""StartUtc"":""2025-01-02T00:09:00Z"",""EndUtc"":""2025-01-02T00:10:00Z"",""Open"":2000.90,""High"":2000.90,""Low"":2000.90,""Close"":2000.90,""Volume"":1}"
31,2025-01-02T00:11:00.0000000Z,BAR_V1,"{""InstrumentId"":{""Value"":""EURUSD""},""IntervalSeconds"":60,""StartUtc"":""2025-01-02T00:10:00Z"",""EndUtc"":""2025-01-02T00:11:00Z"",""Open"":1.10100,""High"":1.10100,""Low"":1.10100,""Close"":1.10100,""Volume"":1000}"
32,2025-01-02T00:11:00.0000000Z,BAR_V1,"{""InstrumentId"":{""Value"":""USDJPY""},""IntervalSeconds"":60,""StartUtc"":""2025-01-02T00:10:00Z"",""EndUtc"":""2025-01-02T00:11:00Z"",""Open"":145.100,""High"":145.100,""Low"":145.100,""Close"":145.100,""Volume"":1000}"
33,2025-01-02T00:11:00.0000000Z,BAR_V1,"{""InstrumentId"":{""Value"":""XAUUSD""},""IntervalSeconds"":60,""StartUtc"":""2025-01-02T00:10:00Z"",""EndUtc"":""2025-01-02T00:11:00Z"",""Open"":2001.00,""High"":2001.00,""Low"":2001.00,""Close"":2001.00,""Volume"":1}"
34,2025-01-02T00:12:00.0000000Z,BAR_V1,"{""InstrumentId"":{""Value"":""EURUSD""},""IntervalSeconds"":60,""StartUtc"":""2025-01-02T00:11:00Z"",""EndUtc"":""2025-01-02T00:12:00Z"",""Open"":1.10110,""High"":1.10110,""Low"":1.10110,""Close"":1.10110,""Volume"":1000}"
35,2025-01-02T00:12:00.0000000Z,BAR_V1,"{""InstrumentId"":{""Value"":""USDJPY""},""IntervalSeconds"":60,""StartUtc"":""2025-01-02T00:11:00Z"",""EndUtc"":""2025-01-02T00:12:00Z"",""Open"":145.110,""High"":145.110,""Low"":145.110,""Close"":145.110,""Volume"":1000}"
36,2025-01-02T00:12:00.0000000Z,BAR_V1,"{""InstrumentId"":{""Value"":""XAUUSD""},""IntervalSeconds"":60,""StartUtc"":""2025-01-02T00:11:00Z"",""EndUtc"":""2025-01-02T00:12:00Z"",""Open"":2001.10,""High"":2001.10,""Low"":2001.10,""Close"":2001.10,""Volume"":1}"
37,2025-01-02T00:13:00.0000000Z,BAR_V1,"{""InstrumentId"":{""Value"":""EURUSD""},""IntervalSeconds"":60,""StartUtc"":""2025-01-02T00:12:00Z"",""EndUtc"":""2025-01-02T00:13:00Z"",""Open"":1.10120,""High"":1.10120,""Low"":1.10120,""Close"":1.10120,""Volume"":1000}"
38,2025-01-02T00:13:00.0000000Z,BAR_V1,"{""InstrumentId"":{""Value"":""USDJPY""},""IntervalSeconds"":60,""StartUtc"":""2025-01-02T00:12:00Z"",""EndUtc"":""2025-01-02T00:13:00Z"",""Open"":145.120,""High"":145.120,""Low"":145.120,""Close"":145.120,""Volume"":1000}"
39,2025-01-02T00:13:00.0000000Z,BAR_V1,"{""InstrumentId"":{""Value"":""XAUUSD""},""IntervalSeconds"":60,""StartUtc"":""2025-01-02T00:12:00Z"",""EndUtc"":""2025-01-02T00:13:00Z"",""Open"":2001.20,""High"":2001.20,""Low"":2001.20,""Close"":2001.20,""Volume"":1}"
40,2025-01-02T00:14:00.0000000Z,BAR_V1,"{""InstrumentId"":{""Value"":""EURUSD""},""IntervalSeconds"":60,""StartUtc"":""2025-01-02T00:13:00Z"",""EndUtc"":""2025-01-02T00:14:00Z"",""Open"":1.10130,""High"":1.10130,""Low"":1.10130,""Close"":1.10130,""Volume"":1000}"
41,2025-01-02T00:14:00.0000000Z,BAR_V1,"{""InstrumentId"":{""Value"":""USDJPY""},""IntervalSeconds"":60,""StartUtc"":""2025-01-02T00:13:00Z"",""EndUtc"":""2025-01-02T00:14:00Z"",""Open"":145.130,""High"":145.130,""Low"":145.130,""Close"":145.130,""Volume"":1000}"
42,2025-01-02T00:14:00.0000000Z,BAR_V1,"{""InstrumentId"":{""Value"":""XAUUSD""},""IntervalSeconds"":60,""StartUtc"":""2025-01-02T00:13:00Z"",""EndUtc"":""2025-01-02T00:14:00Z"",""Open"":2001.30,""High"":2001.30,""Low"":2001.30,""Close"":2001.30,""Volume"":1}"
43,2025-01-02T00:15:00.0000000Z,BAR_V1,"{""InstrumentId"":{""Value"":""EURUSD""},""IntervalSeconds"":60,""StartUtc"":""2025-01-02T00:14:00Z"",""EndUtc"":""2025-01-02T00:15:00Z"",""Open"":1.10140,""High"":1.10140,""Low"":1.10140,""Close"":1.10140,""Volume"":1000}"
44,2025-01-02T00:15:00.0000000Z,BAR_V1,"{""InstrumentId"":{""Value"":""USDJPY""},""IntervalSeconds"":60,""StartUtc"":""2025-01-02T00:14:00Z"",""EndUtc"":""2025-01-02T00:15:00Z"",""Open"":145.140,""High"":145.140,""Low"":145.140,""Close"":145.140,""Volume"":1000}"
45,2025-01-02T00:15:00.0000000Z,BAR_V1,"{""InstrumentId"":{""Value"":""XAUUSD""},""IntervalSeconds"":60,""StartUtc"":""2025-01-02T00:14:00Z"",""EndUtc"":""2025-01-02T00:15:00Z"",""Open"":2001.40,""High"":2001.40,""Low"":2001.40,""Close"":2001.40,""Volume"":1}"
46,2025-01-02T00:16:00.0000000Z,BAR_V1,"{""InstrumentId"":{""Value"":""EURUSD""},""IntervalSeconds"":60,""StartUtc"":""2025-01-02T00:15:00Z"",""EndUtc"":""2025-01-02T00:16:00Z"",""Open"":1.10150,""High"":1.10150,""Low"":1.10150,""Close"":1.10150,""Volume"":1000}"
47,2025-01-02T00:16:00.0000000Z,BAR_V1,"{""InstrumentId"":{""Value"":""USDJPY""},""IntervalSeconds"":60,""StartUtc"":""2025-01-02T00:15:00Z"",""EndUtc"":""2025-01-02T00:16:00Z"",""Open"":145.150,""High"":145.150,""Low"":145.150,""Close"":145.150,""Volume"":1000}"
48,2025-01-02T00:16:00.0000000Z,BAR_V1,"{""InstrumentId"":{""Value"":""XAUUSD""},""IntervalSeconds"":60,""StartUtc"":""2025-01-02T00:15:00Z"",""EndUtc"":""2025-01-02T00:16:00Z"",""Open"":2001.50,""High"":2001.50,""Low"":2001.50,""Close"":2001.50,""Volume"":1}"
49,2025-01-02T00:17:00.0000000Z,BAR_V1,"{""InstrumentId"":{""Value"":""EURUSD""},""IntervalSeconds"":60,""StartUtc"":""2025-01-02T00:16:00Z"",""EndUtc"":""2025-01-02T00:17:00Z"",""Open"":1.10160,""High"":1.10160,""Low"":1.10160,""Close"":1.10160,""Volume"":1000}"
50,2025-01-02T00:17:00.0000000Z,BAR_V1,"{""InstrumentId"":{""Value"":""USDJPY""},""IntervalSeconds"":60,""StartUtc"":""2025-01-02T00:16:00Z"",""EndUtc"":""2025-01-02T00:17:00Z"",""Open"":145.160,""High"":145.160,""Low"":145.160,""Close"":145.160,""Volume"":1000}"
51,2025-01-02T00:17:00.0000000Z,BAR_V1,"{""InstrumentId"":{""Value"":""XAUUSD""},""IntervalSeconds"":60,""StartUtc"":""2025-01-02T00:16:00Z"",""EndUtc"":""2025-01-02T00:17:00Z"",""Open"":2001.60,""High"":2001.60,""Low"":2001.60,""Close"":2001.60,""Volume"":1}"
52,2025-01-02T00:18:00.0000000Z,BAR_V1,"{""InstrumentId"":{""Value"":""EURUSD""},""IntervalSeconds"":60,""StartUtc"":""2025-01-02T00:17:00Z"",""EndUtc"":""2025-01-02T00:18:00Z"",""Open"":1.10170,""High"":1.10170,""Low"":1.10170,""Close"":1.10170,""Volume"":1000}"
53,2025-01-02T00:18:00.0000000Z,BAR_V1,"{""InstrumentId"":{""Value"":""USDJPY""},""IntervalSeconds"":60,""StartUtc"":""2025-01-02T00:17:00Z"",""EndUtc"":""2025-01-02T00:18:00Z"",""Open"":145.170,""High"":145.170,""Low"":145.170,""Close"":145.170,""Volume"":1000}"
54,2025-01-02T00:18:00.0000000Z,BAR_V1,"{""InstrumentId"":{""Value"":""XAUUSD""},""IntervalSeconds"":60,""StartUtc"":""2025-01-02T00:17:00Z"",""EndUtc"":""2025-01-02T00:18:00Z"",""Open"":2001.70,""High"":2001.70,""Low"":2001.70,""Close"":2001.70,""Volume"":1}"
55,2025-01-02T00:19:00.0000000Z,BAR_V1,"{""InstrumentId"":{""Value"":""EURUSD""},""IntervalSeconds"":60,""StartUtc"":""2025-01-02T00:18:00Z"",""EndUtc"":""2025-01-02T00:19:00Z"",""Open"":1.10180,""High"":1.10180,""Low"":1.10180,""Close"":1.10180,""Volume"":1000}"
56,2025-01-02T00:19:00.0000000Z,BAR_V1,"{""InstrumentId"":{""Value"":""USDJPY""},""IntervalSeconds"":60,""StartUtc"":""2025-01-02T00:18:00Z"",""EndUtc"":""2025-01-02T00:19:00Z"",""Open"":145.180,""High"":145.180,""Low"":145.180,""Close"":145.180,""Volume"":1000}"
57,2025-01-02T00:19:00.0000000Z,BAR_V1,"{""InstrumentId"":{""Value"":""XAUUSD""},""IntervalSeconds"":60,""StartUtc"":""2025-01-02T00:18:00Z"",""EndUtc"":""2025-01-02T00:19:00Z"",""Open"":2001.80,""High"":2001.80,""Low"":2001.80,""Close"":2001.80,""Volume"":1}"
58,2025-01-02T00:20:00.0000000Z,BAR_V1,"{""InstrumentId"":{""Value"":""EURUSD""},""IntervalSeconds"":60,""StartUtc"":""2025-01-02T00:19:00Z"",""EndUtc"":""2025-01-02T00:20:00Z"",""Open"":1.10190,""High"":1.10190,""Low"":1.10190,""Close"":1.10190,""Volume"":1000}"
59,2025-01-02T00:20:00.0000000Z,BAR_V1,"{""InstrumentId"":{""Value"":""USDJPY""},""IntervalSeconds"":60,""StartUtc"":""2025-01-02T00:19:00Z"",""EndUtc"":""2025-01-02T00:20:00Z"",""Open"":145.190,""High"":145.190,""Low"":145.190,""Close"":145.190,""Volume"":1000}"
60,2025-01-02T00:20:00.0000000Z,BAR_V1,"{""InstrumentId"":{""Value"":""XAUUSD""},""IntervalSeconds"":60,""StartUtc"":""2025-01-02T00:19:00Z"",""EndUtc"":""2025-01-02T00:20:00Z"",""Open"":2001.90,""High"":2001.90,""Low"":2001.90,""Close"":2001.90,""Volume"":1}"
61,2025-01-02T00:21:00.0000000Z,BAR_V1,"{""InstrumentId"":{""Value"":""EURUSD""},""IntervalSeconds"":60,""StartUtc"":""2025-01-02T00:20:00Z"",""EndUtc"":""2025-01-02T00:21:00Z"",""Open"":1.10200,""High"":1.10200,""Low"":1.10200,""Close"":1.10200,""Volume"":1000}"
62,2025-01-02T00:21:00.0000000Z,BAR_V1,"{""InstrumentId"":{""Value"":""USDJPY""},""IntervalSeconds"":60,""StartUtc"":""2025-01-02T00:20:00Z"",""EndUtc"":""2025-01-02T00:21:00Z"",""Open"":145.200,""High"":145.200,""Low"":145.200,""Close"":145.200,""Volume"":1000}"
63,2025-01-02T00:21:00.0000000Z,BAR_V1,"{""InstrumentId"":{""Value"":""XAUUSD""},""IntervalSeconds"":60,""StartUtc"":""2025-01-02T00:20:00Z"",""EndUtc"":""2025-01-02T00:21:00Z"",""Open"":2002.00,""High"":2002.00,""Low"":2002.00,""Close"":2002.00,""Volume"":1}"
64,2025-01-02T00:22:00.0000000Z,BAR_V1,"{""InstrumentId"":{""Value"":""EURUSD""},""IntervalSeconds"":60,""StartUtc"":""2025-01-02T00:21:00Z"",""EndUtc"":""2025-01-02T00:22:00Z"",""Open"":1.10210,""High"":1.10210,""Low"":1.10210,""Close"":1.10210,""Volume"":1000}"
65,2025-01-02T00:22:00.0000000Z,BAR_V1,"{""InstrumentId"":{""Value"":""USDJPY""},""IntervalSeconds"":60,""StartUtc"":""2025-01-02T00:21:00Z"",""EndUtc"":""2025-01-02T00:22:00Z"",""Open"":145.210,""High"":145.210,""Low"":145.210,""Close"":145.210,""Volume"":1000}"
66,2025-01-02T00:22:00.0000000Z,BAR_V1,"{""InstrumentId"":{""Value"":""XAUUSD""},""IntervalSeconds"":60,""StartUtc"":""2025-01-02T00:21:00Z"",""EndUtc"":""2025-01-02T00:22:00Z"",""Open"":2002.10,""High"":2002.10,""Low"":2002.10,""Close"":2002.10,""Volume"":1}"
67,2025-01-02T00:23:00.0000000Z,BAR_V1,"{""InstrumentId"":{""Value"":""EURUSD""},""IntervalSeconds"":60,""StartUtc"":""2025-01-02T00:22:00Z"",""EndUtc"":""2025-01-02T00:23:00Z"",""Open"":1.10220,""High"":1.10220,""Low"":1.10220,""Close"":1.10220,""Volume"":1000}"
68,2025-01-02T00:23:00.0000000Z,BAR_V1,"{""InstrumentId"":{""Value"":""USDJPY""},""IntervalSeconds"":60,""StartUtc"":""2025-01-02T00:22:00Z"",""EndUtc"":""2025-01-02T00:23:00Z"",""Open"":145.220,""High"":145.220,""Low"":145.220,""Close"":145.220,""Volume"":1000}"
69,2025-01-02T00:23:00.0000000Z,BAR_V1,"{""InstrumentId"":{""Value"":""XAUUSD""},""IntervalSeconds"":60,""StartUtc"":""2025-01-02T00:22:00Z"",""EndUtc"":""2025-01-02T00:23:00Z"",""Open"":2002.20,""High"":2002.20,""Low"":2002.20,""Close"":2002.20,""Volume"":1}"
70,2025-01-02T00:24:00.0000000Z,BAR_V1,"{""InstrumentId"":{""Value"":""EURUSD""},""IntervalSeconds"":60,""StartUtc"":""2025-01-02T00:23:00Z"",""EndUtc"":""2025-01-02T00:24:00Z"",""Open"":1.10230,""High"":1.10230,""Low"":1.10230,""Close"":1.10230,""Volume"":1000}"
71,2025-01-02T00:24:00.0000000Z,BAR_V1,"{""InstrumentId"":{""Value"":""USDJPY""},""IntervalSeconds"":60,""StartUtc"":""2025-01-02T00:23:00Z"",""EndUtc"":""2025-01-02T00:24:00Z"",""Open"":145.230,""High"":145.230,""Low"":145.230,""Close"":145.230,""Volume"":1000}"
72,2025-01-02T00:24:00.0000000Z,BAR_V1,"{""InstrumentId"":{""Value"":""XAUUSD""},""IntervalSeconds"":60,""StartUtc"":""2025-01-02T00:23:00Z"",""EndUtc"":""2025-01-02T00:24:00Z"",""Open"":2002.30,""High"":2002.30,""Low"":2002.30,""Close"":2002.30,""Volume"":1}"
73,2025-01-02T00:25:00.0000000Z,BAR_V1,"{""InstrumentId"":{""Value"":""EURUSD""},""IntervalSeconds"":60,""StartUtc"":""2025-01-02T00:24:00Z"",""EndUtc"":""2025-01-02T00:25:00Z"",""Open"":1.10240,""High"":1.10240,""Low"":1.10240,""Close"":1.10240,""Volume"":1000}"
74,2025-01-02T00:25:00.0000000Z,BAR_V1,"{""InstrumentId"":{""Value"":""USDJPY""},""IntervalSeconds"":60,""StartUtc"":""2025-01-02T00:24:00Z"",""EndUtc"":""2025-01-02T00:25:00Z"",""Open"":145.240,""High"":145.240,""Low"":145.240,""Close"":145.240,""Volume"":1000}"
75,2025-01-02T00:25:00.0000000Z,BAR_V1,"{""InstrumentId"":{""Value"":""XAUUSD""},""IntervalSeconds"":60,""StartUtc"":""2025-01-02T00:24:00Z"",""EndUtc"":""2025-01-02T00:25:00Z"",""Open"":2002.40,""High"":2002.40,""Low"":2002.40,""Close"":2002.40,""Volume"":1}"
76,2025-01-02T00:26:00.0000000Z,BAR_V1,"{""InstrumentId"":{""Value"":""EURUSD""},""IntervalSeconds"":60,""StartUtc"":""2025-01-02T00:25:00Z"",""EndUtc"":""2025-01-02T00:26:00Z"",""Open"":1.10250,""High"":1.10250,""Low"":1.10250,""Close"":1.10250,""Volume"":1000}"
77,2025-01-02T00:26:00.0000000Z,BAR_V1,"{""InstrumentId"":{""Value"":""USDJPY""},""IntervalSeconds"":60,""StartUtc"":""2025-01-02T00:25:00Z"",""EndUtc"":""2025-01-02T00:26:00Z"",""Open"":145.250,""High"":145.250,""Low"":145.250,""Close"":145.250,""Volume"":1000}"
78,2025-01-02T00:26:00.0000000Z,BAR_V1,"{""InstrumentId"":{""Value"":""XAUUSD""},""IntervalSeconds"":60,""StartUtc"":""2025-01-02T00:25:00Z"",""EndUtc"":""2025-01-02T00:26:00Z"",""Open"":2002.50,""High"":2002.50,""Low"":2002.50,""Close"":2002.50,""Volume"":1}"
79,2025-01-02T00:27:00.0000000Z,BAR_V1,"{""InstrumentId"":{""Value"":""EURUSD""},""IntervalSeconds"":60,""StartUtc"":""2025-01-02T00:26:00Z"",""EndUtc"":""2025-01-02T00:27:00Z"",""Open"":1.10260,""High"":1.10260,""Low"":1.10260,""Close"":1.10260,""Volume"":1000}"
80,2025-01-02T00:27:00.0000000Z,BAR_V1,"{""InstrumentId"":{""Value"":""USDJPY""},""IntervalSeconds"":60,""StartUtc"":""2025-01-02T00:26:00Z"",""EndUtc"":""2025-01-02T00:27:00Z"",""Open"":145.260,""High"":145.260,""Low"":145.260,""Close"":145.260,""Volume"":1000}"
81,2025-01-02T00:27:00.0000000Z,BAR_V1,"{""InstrumentId"":{""Value"":""XAUUSD""},""IntervalSeconds"":60,""StartUtc"":""2025-01-02T00:26:00Z"",""EndUtc"":""2025-01-02T00:27:00Z"",""Open"":2002.60,""High"":2002.60,""Low"":2002.60,""Close"":2002.60,""Volume"":1}"
82,2025-01-02T00:28:00.0000000Z,BAR_V1,"{""InstrumentId"":{""Value"":""EURUSD""},""IntervalSeconds"":60,""StartUtc"":""2025-01-02T00:27:00Z"",""EndUtc"":""2025-01-02T00:28:00Z"",""Open"":1.10270,""High"":1.10270,""Low"":1.10270,""Close"":1.10270,""Volume"":1000}"
83,2025-01-02T00:28:00.0000000Z,BAR_V1,"{""InstrumentId"":{""Value"":""USDJPY""},""IntervalSeconds"":60,""StartUtc"":""2025-01-02T00:27:00Z"",""EndUtc"":""2025-01-02T00:28:00Z"",""Open"":145.270,""High"":145.270,""Low"":145.270,""Close"":145.270,""Volume"":1000}"
84,2025-01-02T00:28:00.0000000Z,BAR_V1,"{""InstrumentId"":{""Value"":""XAUUSD""},""IntervalSeconds"":60,""StartUtc"":""2025-01-02T00:27:00Z"",""EndUtc"":""2025-01-02T00:28:00Z"",""Open"":2002.70,""High"":2002.70,""Low"":2002.70,""Close"":2002.70,""Volume"":1}"
85,2025-01-02T00:29:00.0000000Z,BAR_V1,"{""InstrumentId"":{""Value"":""EURUSD""},""IntervalSeconds"":60,""StartUtc"":""2025-01-02T00:28:00Z"",""EndUtc"":""2025-01-02T00:29:00Z"",""Open"":1.10280,""High"":1.10280,""Low"":1.10280,""Close"":1.10280,""Volume"":1000}"
86,2025-01-02T00:29:00.0000000Z,BAR_V1,"{""InstrumentId"":{""Value"":""USDJPY""},""IntervalSeconds"":60,""StartUtc"":""2025-01-02T00:28:00Z"",""EndUtc"":""2025-01-02T00:29:00Z"",""Open"":145.280,""High"":145.280,""Low"":145.280,""Close"":145.280,""Volume"":1000}"
87,2025-01-02T00:29:00.0000000Z,BAR_V1,"{""InstrumentId"":{""Value"":""XAUUSD""},""IntervalSeconds"":60,""StartUtc"":""2025-01-02T00:28:00Z"",""EndUtc"":""2025-01-02T00:29:00Z"",""Open"":2002.80,""High"":2002.80,""Low"":2002.80,""Close"":2002.80,""Volume"":1}"
88,2025-01-02T00:30:00.0000000Z,BAR_V1,"{""InstrumentId"":{""Value"":""EURUSD""},""IntervalSeconds"":60,""StartUtc"":""2025-01-02T00:29:00Z"",""EndUtc"":""2025-01-02T00:30:00Z"",""Open"":1.10290,""High"":1.10290,""Low"":1.10290,""Close"":1.10290,""Volume"":1000}"
89,2025-01-02T00:30:00.0000000Z,BAR_V1,"{""InstrumentId"":{""Value"":""USDJPY""},""IntervalSeconds"":60,""StartUtc"":""2025-01-02T00:29:00Z"",""EndUtc"":""2025-01-02T00:30:00Z"",""Open"":145.290,""High"":145.290,""Low"":145.290,""Close"":145.290,""Volume"":1000}"
90,2025-01-02T00:30:00.0000000Z,BAR_V1,"{""InstrumentId"":{""Value"":""XAUUSD""},""IntervalSeconds"":60,""StartUtc"":""2025-01-02T00:29:00Z"",""EndUtc"":""2025-01-02T00:30:00Z"",""Open"":2002.90,""High"":2002.90,""Low"":2002.90,""Close"":2002.90,""Volume"":1}"
91,2025-01-02T00:31:00.0000000Z,BAR_V1,"{""InstrumentId"":{""Value"":""EURUSD""},""IntervalSeconds"":60,""StartUtc"":""2025-01-02T00:30:00Z"",""EndUtc"":""2025-01-02T00:31:00Z"",""Open"":1.10300,""High"":1.10300,""Low"":1.10300,""Close"":1.10300,""Volume"":1000}"
92,2025-01-02T00:31:00.0000000Z,BAR_V1,"{""InstrumentId"":{""Value"":""USDJPY""},""IntervalSeconds"":60,""StartUtc"":""2025-01-02T00:30:00Z"",""EndUtc"":""2025-01-02T00:31:00Z"",""Open"":145.300,""High"":145.300,""Low"":145.300,""Close"":145.300,""Volume"":1000}"
93,2025-01-02T00:31:00.0000000Z,BAR_V1,"{""InstrumentId"":{""Value"":""XAUUSD""},""IntervalSeconds"":60,""StartUtc"":""2025-01-02T00:30:00Z"",""EndUtc"":""2025-01-02T00:31:00Z"",""Open"":2003.00,""High"":2003.00,""Low"":2003.00,""Close"":2003.00,""Volume"":1}"
94,2025-01-02T00:32:00.0000000Z,BAR_V1,"{""InstrumentId"":{""Value"":""EURUSD""},""IntervalSeconds"":60,""StartUtc"":""2025-01-02T00:31:00Z"",""EndUtc"":""2025-01-02T00:32:00Z"",""Open"":1.10310,""High"":1.10310,""Low"":1.10310,""Close"":1.10310,""Volume"":1000}"
95,2025-01-02T00:32:00.0000000Z,BAR_V1,"{""InstrumentId"":{""Value"":""USDJPY""},""IntervalSeconds"":60,""StartUtc"":""2025-01-02T00:31:00Z"",""EndUtc"":""2025-01-02T00:32:00Z"",""Open"":145.310,""High"":145.310,""Low"":145.310,""Close"":145.310,""Volume"":1000}"
96,2025-01-02T00:32:00.0000000Z,BAR_V1,"{""InstrumentId"":{""Value"":""XAUUSD""},""IntervalSeconds"":60,""StartUtc"":""2025-01-02T00:31:00Z"",""EndUtc"":""2025-01-02T00:32:00Z"",""Open"":2003.10,""High"":2003.10,""Low"":2003.10,""Close"":2003.10,""Volume"":1}"
97,2025-01-02T00:33:00.0000000Z,BAR_V1,"{""InstrumentId"":{""Value"":""EURUSD""},""IntervalSeconds"":60,""StartUtc"":""2025-01-02T00:32:00Z"",""EndUtc"":""2025-01-02T00:33:00Z"",""Open"":1.10320,""High"":1.10320,""Low"":1.10320,""Close"":1.10320,""Volume"":1000}"
98,2025-01-02T00:33:00.0000000Z,BAR_V1,"{""InstrumentId"":{""Value"":""USDJPY""},""IntervalSeconds"":60,""StartUtc"":""2025-01-02T00:32:00Z"",""EndUtc"":""2025-01-02T00:33:00Z"",""Open"":145.320,""High"":145.320,""Low"":145.320,""Close"":145.320,""Volume"":1000}"
99,2025-01-02T00:33:00.0000000Z,BAR_V1,"{""InstrumentId"":{""Value"":""XAUUSD""},""IntervalSeconds"":60,""StartUtc"":""2025-01-02T00:32:00Z"",""EndUtc"":""2025-01-02T00:33:00Z"",""Open"":2003.20,""High"":2003.20,""Low"":2003.20,""Close"":2003.20,""Volume"":1}"
100,2025-01-02T00:34:00.0000000Z,BAR_V1,"{""InstrumentId"":{""Value"":""EURUSD""},""IntervalSeconds"":60,""StartUtc"":""2025-01-02T00:33:00Z"",""EndUtc"":""2025-01-02T00:34:00Z"",""Open"":1.10330,""High"":1.10330,""Low"":1.10330,""Close"":1.10330,""Volume"":1000}"
101,2025-01-02T00:34:00.0000000Z,BAR_V1,"{""InstrumentId"":{""Value"":""USDJPY""},""IntervalSeconds"":60,""StartUtc"":""2025-01-02T00:33:00Z"",""EndUtc"":""2025-01-02T00:34:00Z"",""Open"":145.330,""High"":145.330,""Low"":145.330,""Close"":145.330,""Volume"":1000}"
102,2025-01-02T00:34:00.0000000Z,BAR_V1,"{""InstrumentId"":{""Value"":""XAUUSD""},""IntervalSeconds"":60,""StartUtc"":""2025-01-02T00:33:00Z"",""EndUtc"":""2025-01-02T00:34:00Z"",""Open"":2003.30,""High"":2003.30,""Low"":2003.30,""Close"":2003.30,""Volume"":1}"
103,2025-01-02T00:35:00.0000000Z,BAR_V1,"{""InstrumentId"":{""Value"":""EURUSD""},""IntervalSeconds"":60,""StartUtc"":""2025-01-02T00:34:00Z"",""EndUtc"":""2025-01-02T00:35:00Z"",""Open"":1.10340,""High"":1.10340,""Low"":1.10340,""Close"":1.10340,""Volume"":1000}"
104,2025-01-02T00:35:00.0000000Z,BAR_V1,"{""InstrumentId"":{""Value"":""USDJPY""},""IntervalSeconds"":60,""StartUtc"":""2025-01-02T00:34:00Z"",""EndUtc"":""2025-01-02T00:35:00Z"",""Open"":145.340,""High"":145.340,""Low"":145.340,""Close"":145.340,""Volume"":1000}"
105,2025-01-02T00:35:00.0000000Z,BAR_V1,"{""InstrumentId"":{""Value"":""XAUUSD""},""IntervalSeconds"":60,""StartUtc"":""2025-01-02T00:34:00Z"",""EndUtc"":""2025-01-02T00:35:00Z"",""Open"":2003.40,""High"":2003.40,""Low"":2003.40,""Close"":2003.40,""Volume"":1}"
106,2025-01-02T00:36:00.0000000Z,BAR_V1,"{""InstrumentId"":{""Value"":""EURUSD""},""IntervalSeconds"":60,""StartUtc"":""2025-01-02T00:35:00Z"",""EndUtc"":""2025-01-02T00:36:00Z"",""Open"":1.10350,""High"":1.10350,""Low"":1.10350,""Close"":1.10350,""Volume"":1000}"
107,2025-01-02T00:36:00.0000000Z,BAR_V1,"{""InstrumentId"":{""Value"":""USDJPY""},""IntervalSeconds"":60,""StartUtc"":""2025-01-02T00:35:00Z"",""EndUtc"":""2025-01-02T00:36:00Z"",""Open"":145.350,""High"":145.350,""Low"":145.350,""Close"":145.350,""Volume"":1000}"
108,2025-01-02T00:36:00.0000000Z,BAR_V1,"{""InstrumentId"":{""Value"":""XAUUSD""},""IntervalSeconds"":60,""StartUtc"":""2025-01-02T00:35:00Z"",""EndUtc"":""2025-01-02T00:36:00Z"",""Open"":2003.50,""High"":2003.50,""Low"":2003.50,""Close"":2003.50,""Volume"":1}"
109,2025-01-02T00:37:00.0000000Z,BAR_V1,"{""InstrumentId"":{""Value"":""EURUSD""},""IntervalSeconds"":60,""StartUtc"":""2025-01-02T00:36:00Z"",""EndUtc"":""2025-01-02T00:37:00Z"",""Open"":1.10360,""High"":1.10360,""Low"":1.10360,""Close"":1.10360,""Volume"":1000}"
110,2025-01-02T00:37:00.0000000Z,BAR_V1,"{""InstrumentId"":{""Value"":""USDJPY""},""IntervalSeconds"":60,""StartUtc"":""2025-01-02T00:36:00Z"",""EndUtc"":""2025-01-02T00:37:00Z"",""Open"":145.360,""High"":145.360,""Low"":145.360,""Close"":145.360,""Volume"":1000}"
111,2025-01-02T00:37:00.0000000Z,BAR_V1,"{""InstrumentId"":{""Value"":""XAUUSD""},""IntervalSeconds"":60,""StartUtc"":""2025-01-02T00:36:00Z"",""EndUtc"":""2025-01-02T00:37:00Z"",""Open"":2003.60,""High"":2003.60,""Low"":2003.60,""Close"":2003.60,""Volume"":1}"
112,2025-01-02T00:38:00.0000000Z,BAR_V1,"{""InstrumentId"":{""Value"":""EURUSD""},""IntervalSeconds"":60,""StartUtc"":""2025-01-02T00:37:00Z"",""EndUtc"":""2025-01-02T00:38:00Z"",""Open"":1.10370,""High"":1.10370,""Low"":1.10370,""Close"":1.10370,""Volume"":1000}"
113,2025-01-02T00:38:00.0000000Z,BAR_V1,"{""InstrumentId"":{""Value"":""USDJPY""},""IntervalSeconds"":60,""StartUtc"":""2025-01-02T00:37:00Z"",""EndUtc"":""2025-01-02T00:38:00Z"",""Open"":145.370,""High"":145.370,""Low"":145.370,""Close"":145.370,""Volume"":1000}"
114,2025-01-02T00:38:00.0000000Z,BAR_V1,"{""InstrumentId"":{""Value"":""XAUUSD""},""IntervalSeconds"":60,""StartUtc"":""2025-01-02T00:37:00Z"",""EndUtc"":""2025-01-02T00:38:00Z"",""Open"":2003.70,""High"":2003.70,""Low"":2003.70,""Close"":2003.70,""Volume"":1}"
115,2025-01-02T00:39:00.0000000Z,BAR_V1,"{""InstrumentId"":{""Value"":""EURUSD""},""IntervalSeconds"":60,""StartUtc"":""2025-01-02T00:38:00Z"",""EndUtc"":""2025-01-02T00:39:00Z"",""Open"":1.10380,""High"":1.10380,""Low"":1.10380,""Close"":1.10380,""Volume"":1000}"
116,2025-01-02T00:39:00.0000000Z,BAR_V1,"{""InstrumentId"":{""Value"":""USDJPY""},""IntervalSeconds"":60,""StartUtc"":""2025-01-02T00:38:00Z"",""EndUtc"":""2025-01-02T00:39:00Z"",""Open"":145.380,""High"":145.380,""Low"":145.380,""Close"":145.380,""Volume"":1000}"
117,2025-01-02T00:39:00.0000000Z,BAR_V1,"{""InstrumentId"":{""Value"":""XAUUSD""},""IntervalSeconds"":60,""StartUtc"":""2025-01-02T00:38:00Z"",""EndUtc"":""2025-01-02T00:39:00Z"",""Open"":2003.80,""High"":2003.80,""Low"":2003.80,""Close"":2003.80,""Volume"":1}"
118,2025-01-02T00:40:00.0000000Z,BAR_V1,"{""InstrumentId"":{""Value"":""EURUSD""},""IntervalSeconds"":60,""StartUtc"":""2025-01-02T00:39:00Z"",""EndUtc"":""2025-01-02T00:40:00Z"",""Open"":1.10390,""High"":1.10390,""Low"":1.10390,""Close"":1.10390,""Volume"":1000}"
119,2025-01-02T00:40:00.0000000Z,BAR_V1,"{""InstrumentId"":{""Value"":""USDJPY""},""IntervalSeconds"":60,""StartUtc"":""2025-01-02T00:39:00Z"",""EndUtc"":""2025-01-02T00:40:00Z"",""Open"":145.390,""High"":145.390,""Low"":145.390,""Close"":145.390,""Volume"":1000}"
120,2025-01-02T00:40:00.0000000Z,BAR_V1,"{""InstrumentId"":{""Value"":""XAUUSD""},""IntervalSeconds"":60,""StartUtc"":""2025-01-02T00:39:00Z"",""EndUtc"":""2025-01-02T00:40:00Z"",""Open"":2003.90,""High"":2003.90,""Low"":2003.90,""Close"":2003.90,""Volume"":1}"
121,2025-01-02T00:41:00.0000000Z,BAR_V1,"{""InstrumentId"":{""Value"":""EURUSD""},""IntervalSeconds"":60,""StartUtc"":""2025-01-02T00:40:00Z"",""EndUtc"":""2025-01-02T00:41:00Z"",""Open"":1.10400,""High"":1.10400,""Low"":1.10400,""Close"":1.10400,""Volume"":1000}"
122,2025-01-02T00:41:00.0000000Z,BAR_V1,"{""InstrumentId"":{""Value"":""USDJPY""},""IntervalSeconds"":60,""StartUtc"":""2025-01-02T00:40:00Z"",""EndUtc"":""2025-01-02T00:41:00Z"",""Open"":145.400,""High"":145.400,""Low"":145.400,""Close"":145.400,""Volume"":1000}"
123,2025-01-02T00:41:00.0000000Z,BAR_V1,"{""InstrumentId"":{""Value"":""XAUUSD""},""IntervalSeconds"":60,""StartUtc"":""2025-01-02T00:40:00Z"",""EndUtc"":""2025-01-02T00:41:00Z"",""Open"":2004.00,""High"":2004.00,""Low"":2004.00,""Close"":2004.00,""Volume"":1}"
124,2025-01-02T00:42:00.0000000Z,BAR_V1,"{""InstrumentId"":{""Value"":""EURUSD""},""IntervalSeconds"":60,""StartUtc"":""2025-01-02T00:41:00Z"",""EndUtc"":""2025-01-02T00:42:00Z"",""Open"":1.10410,""High"":1.10410,""Low"":1.10410,""Close"":1.10410,""Volume"":1000}"
125,2025-01-02T00:42:00.0000000Z,BAR_V1,"{""InstrumentId"":{""Value"":""USDJPY""},""IntervalSeconds"":60,""StartUtc"":""2025-01-02T00:41:00Z"",""EndUtc"":""2025-01-02T00:42:00Z"",""Open"":145.410,""High"":145.410,""Low"":145.410,""Close"":145.410,""Volume"":1000}"
126,2025-01-02T00:42:00.0000000Z,BAR_V1,"{""InstrumentId"":{""Value"":""XAUUSD""},""IntervalSeconds"":60,""StartUtc"":""2025-01-02T00:41:00Z"",""EndUtc"":""2025-01-02T00:42:00Z"",""Open"":2004.10,""High"":2004.10,""Low"":2004.10,""Close"":2004.10,""Volume"":1}"
127,2025-01-02T00:43:00.0000000Z,BAR_V1,"{""InstrumentId"":{""Value"":""EURUSD""},""IntervalSeconds"":60,""StartUtc"":""2025-01-02T00:42:00Z"",""EndUtc"":""2025-01-02T00:43:00Z"",""Open"":1.10420,""High"":1.10420,""Low"":1.10420,""Close"":1.10420,""Volume"":1000}"
128,2025-01-02T00:43:00.0000000Z,BAR_V1,"{""InstrumentId"":{""Value"":""USDJPY""},""IntervalSeconds"":60,""StartUtc"":""2025-01-02T00:42:00Z"",""EndUtc"":""2025-01-02T00:43:00Z"",""Open"":145.420,""High"":145.420,""Low"":145.420,""Close"":145.420,""Volume"":1000}"
129,2025-01-02T00:43:00.0000000Z,BAR_V1,"{""InstrumentId"":{""Value"":""XAUUSD""},""IntervalSeconds"":60,""StartUtc"":""2025-01-02T00:42:00Z"",""EndUtc"":""2025-01-02T00:43:00Z"",""Open"":2004.20,""High"":2004.20,""Low"":2004.20,""Close"":2004.20,""Volume"":1}"
130,2025-01-02T00:44:00.0000000Z,BAR_V1,"{""InstrumentId"":{""Value"":""EURUSD""},""IntervalSeconds"":60,""StartUtc"":""2025-01-02T00:43:00Z"",""EndUtc"":""2025-01-02T00:44:00Z"",""Open"":1.10430,""High"":1.10430,""Low"":1.10430,""Close"":1.10430,""Volume"":1000}"
131,2025-01-02T00:44:00.0000000Z,BAR_V1,"{""InstrumentId"":{""Value"":""USDJPY""},""IntervalSeconds"":60,""StartUtc"":""2025-01-02T00:43:00Z"",""EndUtc"":""2025-01-02T00:44:00Z"",""Open"":145.430,""High"":145.430,""Low"":145.430,""Close"":145.430,""Volume"":1000}"
132,2025-01-02T00:44:00.0000000Z,BAR_V1,"{""InstrumentId"":{""Value"":""XAUUSD""},""IntervalSeconds"":60,""StartUtc"":""2025-01-02T00:43:00Z"",""EndUtc"":""2025-01-02T00:44:00Z"",""Open"":2004.30,""High"":2004.30,""Low"":2004.30,""Close"":2004.30,""Volume"":1}"
133,2025-01-02T00:45:00.0000000Z,BAR_V1,"{""InstrumentId"":{""Value"":""EURUSD""},""IntervalSeconds"":60,""StartUtc"":""2025-01-02T00:44:00Z"",""EndUtc"":""2025-01-02T00:45:00Z"",""Open"":1.10440,""High"":1.10440,""Low"":1.10440,""Close"":1.10440,""Volume"":1000}"
134,2025-01-02T00:45:00.0000000Z,BAR_V1,"{""InstrumentId"":{""Value"":""USDJPY""},""IntervalSeconds"":60,""StartUtc"":""2025-01-02T00:44:00Z"",""EndUtc"":""2025-01-02T00:45:00Z"",""Open"":145.440,""High"":145.440,""Low"":145.440,""Close"":145.440,""Volume"":1000}"
135,2025-01-02T00:45:00.0000000Z,BAR_V1,"{""InstrumentId"":{""Value"":""XAUUSD""},""IntervalSeconds"":60,""StartUtc"":""2025-01-02T00:44:00Z"",""EndUtc"":""2025-01-02T00:45:00Z"",""Open"":2004.40,""High"":2004.40,""Low"":2004.40,""Close"":2004.40,""Volume"":1}"
136,2025-01-02T00:46:00.0000000Z,BAR_V1,"{""InstrumentId"":{""Value"":""EURUSD""},""IntervalSeconds"":60,""StartUtc"":""2025-01-02T00:45:00Z"",""EndUtc"":""2025-01-02T00:46:00Z"",""Open"":1.10450,""High"":1.10450,""Low"":1.10450,""Close"":1.10450,""Volume"":1000}"
137,2025-01-02T00:46:00.0000000Z,BAR_V1,"{""InstrumentId"":{""Value"":""USDJPY""},""IntervalSeconds"":60,""StartUtc"":""2025-01-02T00:45:00Z"",""EndUtc"":""2025-01-02T00:46:00Z"",""Open"":145.450,""High"":145.450,""Low"":145.450,""Close"":145.450,""Volume"":1000}"
138,2025-01-02T00:46:00.0000000Z,BAR_V1,"{""InstrumentId"":{""Value"":""XAUUSD""},""IntervalSeconds"":60,""StartUtc"":""2025-01-02T00:45:00Z"",""EndUtc"":""2025-01-02T00:46:00Z"",""Open"":2004.50,""High"":2004.50,""Low"":2004.50,""Close"":2004.50,""Volume"":1}"
139,2025-01-02T00:47:00.0000000Z,BAR_V1,"{""InstrumentId"":{""Value"":""EURUSD""},""IntervalSeconds"":60,""StartUtc"":""2025-01-02T00:46:00Z"",""EndUtc"":""2025-01-02T00:47:00Z"",""Open"":1.10460,""High"":1.10460,""Low"":1.10460,""Close"":1.10460,""Volume"":1000}"
140,2025-01-02T00:47:00.0000000Z,BAR_V1,"{""InstrumentId"":{""Value"":""USDJPY""},""IntervalSeconds"":60,""StartUtc"":""2025-01-02T00:46:00Z"",""EndUtc"":""2025-01-02T00:47:00Z"",""Open"":145.460,""High"":145.460,""Low"":145.460,""Close"":145.460,""Volume"":1000}"
141,2025-01-02T00:47:00.0000000Z,BAR_V1,"{""InstrumentId"":{""Value"":""XAUUSD""},""IntervalSeconds"":60,""StartUtc"":""2025-01-02T00:46:00Z"",""EndUtc"":""2025-01-02T00:47:00Z"",""Open"":2004.60,""High"":2004.60,""Low"":2004.60,""Close"":2004.60,""Volume"":1}"
142,2025-01-02T00:48:00.0000000Z,BAR_V1,"{""InstrumentId"":{""Value"":""EURUSD""},""IntervalSeconds"":60,""StartUtc"":""2025-01-02T00:47:00Z"",""EndUtc"":""2025-01-02T00:48:00Z"",""Open"":1.10470,""High"":1.10470,""Low"":1.10470,""Close"":1.10470,""Volume"":1000}"
143,2025-01-02T00:48:00.0000000Z,BAR_V1,"{""InstrumentId"":{""Value"":""USDJPY""},""IntervalSeconds"":60,""StartUtc"":""2025-01-02T00:47:00Z"",""EndUtc"":""2025-01-02T00:48:00Z"",""Open"":145.470,""High"":145.470,""Low"":145.470,""Close"":145.470,""Volume"":1000}"
144,2025-01-02T00:48:00.0000000Z,BAR_V1,"{""InstrumentId"":{""Value"":""XAUUSD""},""IntervalSeconds"":60,""StartUtc"":""2025-01-02T00:47:00Z"",""EndUtc"":""2025-01-02T00:48:00Z"",""Open"":2004.70,""High"":2004.70,""Low"":2004.70,""Close"":2004.70,""Volume"":1}"
145,2025-01-02T00:49:00.0000000Z,BAR_V1,"{""InstrumentId"":{""Value"":""EURUSD""},""IntervalSeconds"":60,""StartUtc"":""2025-01-02T00:48:00Z"",""EndUtc"":""2025-01-02T00:49:00Z"",""Open"":1.10480,""High"":1.10480,""Low"":1.10480,""Close"":1.10480,""Volume"":1000}"
146,2025-01-02T00:49:00.0000000Z,BAR_V1,"{""InstrumentId"":{""Value"":""USDJPY""},""IntervalSeconds"":60,""StartUtc"":""2025-01-02T00:48:00Z"",""EndUtc"":""2025-01-02T00:49:00Z"",""Open"":145.480,""High"":145.480,""Low"":145.480,""Close"":145.480,""Volume"":1000}"
147,2025-01-02T00:49:00.0000000Z,BAR_V1,"{""InstrumentId"":{""Value"":""XAUUSD""},""IntervalSeconds"":60,""StartUtc"":""2025-01-02T00:48:00Z"",""EndUtc"":""2025-01-02T00:49:00Z"",""Open"":2004.80,""High"":2004.80,""Low"":2004.80,""Close"":2004.80,""Volume"":1}"
148,2025-01-02T00:50:00.0000000Z,BAR_V1,"{""InstrumentId"":{""Value"":""EURUSD""},""IntervalSeconds"":60,""StartUtc"":""2025-01-02T00:49:00Z"",""EndUtc"":""2025-01-02T00:50:00Z"",""Open"":1.10490,""High"":1.10490,""Low"":1.10490,""Close"":1.10490,""Volume"":1000}"
149,2025-01-02T00:50:00.0000000Z,BAR_V1,"{""InstrumentId"":{""Value"":""USDJPY""},""IntervalSeconds"":60,""StartUtc"":""2025-01-02T00:49:00Z"",""EndUtc"":""2025-01-02T00:50:00Z"",""Open"":145.490,""High"":145.490,""Low"":145.490,""Close"":145.490,""Volume"":1000}"
150,2025-01-02T00:50:00.0000000Z,BAR_V1,"{""InstrumentId"":{""Value"":""XAUUSD""},""IntervalSeconds"":60,""StartUtc"":""2025-01-02T00:49:00Z"",""EndUtc"":""2025-01-02T00:50:00Z"",""Open"":2004.90,""High"":2004.90,""Low"":2004.90,""Close"":2004.90,""Volume"":1}"
151,2025-01-02T00:51:00.0000000Z,BAR_V1,"{""InstrumentId"":{""Value"":""EURUSD""},""IntervalSeconds"":60,""StartUtc"":""2025-01-02T00:50:00Z"",""EndUtc"":""2025-01-02T00:51:00Z"",""Open"":1.10500,""High"":1.10500,""Low"":1.10500,""Close"":1.10500,""Volume"":1000}"
152,2025-01-02T00:51:00.0000000Z,BAR_V1,"{""InstrumentId"":{""Value"":""USDJPY""},""IntervalSeconds"":60,""StartUtc"":""2025-01-02T00:50:00Z"",""EndUtc"":""2025-01-02T00:51:00Z"",""Open"":145.500,""High"":145.500,""Low"":145.500,""Close"":145.500,""Volume"":1000}"
153,2025-01-02T00:51:00.0000000Z,BAR_V1,"{""InstrumentId"":{""Value"":""XAUUSD""},""IntervalSeconds"":60,""StartUtc"":""2025-01-02T00:50:00Z"",""EndUtc"":""2025-01-02T00:51:00Z"",""Open"":2005.00,""High"":2005.00,""Low"":2005.00,""Close"":2005.00,""Volume"":1}"
154,2025-01-02T00:52:00.0000000Z,BAR_V1,"{""InstrumentId"":{""Value"":""EURUSD""},""IntervalSeconds"":60,""StartUtc"":""2025-01-02T00:51:00Z"",""EndUtc"":""2025-01-02T00:52:00Z"",""Open"":1.10510,""High"":1.10510,""Low"":1.10510,""Close"":1.10510,""Volume"":1000}"
155,2025-01-02T00:52:00.0000000Z,BAR_V1,"{""InstrumentId"":{""Value"":""USDJPY""},""IntervalSeconds"":60,""StartUtc"":""2025-01-02T00:51:00Z"",""EndUtc"":""2025-01-02T00:52:00Z"",""Open"":145.510,""High"":145.510,""Low"":145.510,""Close"":145.510,""Volume"":1000}"
156,2025-01-02T00:52:00.0000000Z,BAR_V1,"{""InstrumentId"":{""Value"":""XAUUSD""},""IntervalSeconds"":60,""StartUtc"":""2025-01-02T00:51:00Z"",""EndUtc"":""2025-01-02T00:52:00Z"",""Open"":2005.10,""High"":2005.10,""Low"":2005.10,""Close"":2005.10,""Volume"":1}"
157,2025-01-02T00:53:00.0000000Z,BAR_V1,"{""InstrumentId"":{""Value"":""EURUSD""},""IntervalSeconds"":60,""StartUtc"":""2025-01-02T00:52:00Z"",""EndUtc"":""2025-01-02T00:53:00Z"",""Open"":1.10520,""High"":1.10520,""Low"":1.10520,""Close"":1.10520,""Volume"":1000}"
158,2025-01-02T00:53:00.0000000Z,BAR_V1,"{""InstrumentId"":{""Value"":""USDJPY""},""IntervalSeconds"":60,""StartUtc"":""2025-01-02T00:52:00Z"",""EndUtc"":""2025-01-02T00:53:00Z"",""Open"":145.520,""High"":145.520,""Low"":145.520,""Close"":145.520,""Volume"":1000}"
159,2025-01-02T00:53:00.0000000Z,BAR_V1,"{""InstrumentId"":{""Value"":""XAUUSD""},""IntervalSeconds"":60,""StartUtc"":""2025-01-02T00:52:00Z"",""EndUtc"":""2025-01-02T00:53:00Z"",""Open"":2005.20,""High"":2005.20,""Low"":2005.20,""Close"":2005.20,""Volume"":1}"
160,2025-01-02T00:54:00.0000000Z,BAR_V1,"{""InstrumentId"":{""Value"":""EURUSD""},""IntervalSeconds"":60,""StartUtc"":""2025-01-02T00:53:00Z"",""EndUtc"":""2025-01-02T00:54:00Z"",""Open"":1.10530,""High"":1.10530,""Low"":1.10530,""Close"":1.10530,""Volume"":1000}"
161,2025-01-02T00:54:00.0000000Z,BAR_V1,"{""InstrumentId"":{""Value"":""USDJPY""},""IntervalSeconds"":60,""StartUtc"":""2025-01-02T00:53:00Z"",""EndUtc"":""2025-01-02T00:54:00Z"",""Open"":145.530,""High"":145.530,""Low"":145.530,""Close"":145.530,""Volume"":1000}"
162,2025-01-02T00:54:00.0000000Z,BAR_V1,"{""InstrumentId"":{""Value"":""XAUUSD""},""IntervalSeconds"":60,""StartUtc"":""2025-01-02T00:53:00Z"",""EndUtc"":""2025-01-02T00:54:00Z"",""Open"":2005.30,""High"":2005.30,""Low"":2005.30,""Close"":2005.30,""Volume"":1}"
163,2025-01-02T00:55:00.0000000Z,BAR_V1,"{""InstrumentId"":{""Value"":""EURUSD""},""IntervalSeconds"":60,""StartUtc"":""2025-01-02T00:54:00Z"",""EndUtc"":""2025-01-02T00:55:00Z"",""Open"":1.10540,""High"":1.10540,""Low"":1.10540,""Close"":1.10540,""Volume"":1000}"
164,2025-01-02T00:55:00.0000000Z,BAR_V1,"{""InstrumentId"":{""Value"":""USDJPY""},""IntervalSeconds"":60,""StartUtc"":""2025-01-02T00:54:00Z"",""EndUtc"":""2025-01-02T00:55:00Z"",""Open"":145.540,""High"":145.540,""Low"":145.540,""Close"":145.540,""Volume"":1000}"
165,2025-01-02T00:55:00.0000000Z,BAR_V1,"{""InstrumentId"":{""Value"":""XAUUSD""},""IntervalSeconds"":60,""StartUtc"":""2025-01-02T00:54:00Z"",""EndUtc"":""2025-01-02T00:55:00Z"",""Open"":2005.40,""High"":2005.40,""Low"":2005.40,""Close"":2005.40,""Volume"":1}"
166,2025-01-02T00:56:00.0000000Z,BAR_V1,"{""InstrumentId"":{""Value"":""EURUSD""},""IntervalSeconds"":60,""StartUtc"":""2025-01-02T00:55:00Z"",""EndUtc"":""2025-01-02T00:56:00Z"",""Open"":1.10550,""High"":1.10550,""Low"":1.10550,""Close"":1.10550,""Volume"":1000}"
167,2025-01-02T00:56:00.0000000Z,BAR_V1,"{""InstrumentId"":{""Value"":""USDJPY""},""IntervalSeconds"":60,""StartUtc"":""2025-01-02T00:55:00Z"",""EndUtc"":""2025-01-02T00:56:00Z"",""Open"":145.550,""High"":145.550,""Low"":145.550,""Close"":145.550,""Volume"":1000}"
168,2025-01-02T00:56:00.0000000Z,BAR_V1,"{""InstrumentId"":{""Value"":""XAUUSD""},""IntervalSeconds"":60,""StartUtc"":""2025-01-02T00:55:00Z"",""EndUtc"":""2025-01-02T00:56:00Z"",""Open"":2005.50,""High"":2005.50,""Low"":2005.50,""Close"":2005.50,""Volume"":1}"
169,2025-01-02T00:57:00.0000000Z,BAR_V1,"{""InstrumentId"":{""Value"":""EURUSD""},""IntervalSeconds"":60,""StartUtc"":""2025-01-02T00:56:00Z"",""EndUtc"":""2025-01-02T00:57:00Z"",""Open"":1.10560,""High"":1.10560,""Low"":1.10560,""Close"":1.10560,""Volume"":1000}"
170,2025-01-02T00:57:00.0000000Z,BAR_V1,"{""InstrumentId"":{""Value"":""USDJPY""},""IntervalSeconds"":60,""StartUtc"":""2025-01-02T00:56:00Z"",""EndUtc"":""2025-01-02T00:57:00Z"",""Open"":145.560,""High"":145.560,""Low"":145.560,""Close"":145.560,""Volume"":1000}"
171,2025-01-02T00:57:00.0000000Z,BAR_V1,"{""InstrumentId"":{""Value"":""XAUUSD""},""IntervalSeconds"":60,""StartUtc"":""2025-01-02T00:56:00Z"",""EndUtc"":""2025-01-02T00:57:00Z"",""Open"":2005.60,""High"":2005.60,""Low"":2005.60,""Close"":2005.60,""Volume"":1}"
172,2025-01-02T00:58:00.0000000Z,BAR_V1,"{""InstrumentId"":{""Value"":""EURUSD""},""IntervalSeconds"":60,""StartUtc"":""2025-01-02T00:57:00Z"",""EndUtc"":""2025-01-02T00:58:00Z"",""Open"":1.10570,""High"":1.10570,""Low"":1.10570,""Close"":1.10570,""Volume"":1000}"
173,2025-01-02T00:58:00.0000000Z,BAR_V1,"{""InstrumentId"":{""Value"":""USDJPY""},""IntervalSeconds"":60,""StartUtc"":""2025-01-02T00:57:00Z"",""EndUtc"":""2025-01-02T00:58:00Z"",""Open"":145.570,""High"":145.570,""Low"":145.570,""Close"":145.570,""Volume"":1000}"
174,2025-01-02T00:58:00.0000000Z,BAR_V1,"{""InstrumentId"":{""Value"":""XAUUSD""},""IntervalSeconds"":60,""StartUtc"":""2025-01-02T00:57:00Z"",""EndUtc"":""2025-01-02T00:58:00Z"",""Open"":2005.70,""High"":2005.70,""Low"":2005.70,""Close"":2005.70,""Volume"":1}"
175,2025-01-02T00:59:00.0000000Z,BAR_V1,"{""InstrumentId"":{""Value"":""EURUSD""},""IntervalSeconds"":60,""StartUtc"":""2025-01-02T00:58:00Z"",""EndUtc"":""2025-01-02T00:59:00Z"",""Open"":1.10580,""High"":1.10580,""Low"":1.10580,""Close"":1.10580,""Volume"":1000}"
176,2025-01-02T00:59:00.0000000Z,BAR_V1,"{""InstrumentId"":{""Value"":""USDJPY""},""IntervalSeconds"":60,""StartUtc"":""2025-01-02T00:58:00Z"",""EndUtc"":""2025-01-02T00:59:00Z"",""Open"":145.580,""High"":145.580,""Low"":145.580,""Close"":145.580,""Volume"":1000}"
177,2025-01-02T00:59:00.0000000Z,BAR_V1,"{""InstrumentId"":{""Value"":""XAUUSD""},""IntervalSeconds"":60,""StartUtc"":""2025-01-02T00:58:00Z"",""EndUtc"":""2025-01-02T00:59:00Z"",""Open"":2005.80,""High"":2005.80,""Low"":2005.80,""Close"":2005.80,""Volume"":1}"
178,2025-01-02T01:00:00.0000000Z,BAR_V1,"{""InstrumentId"":{""Value"":""EURUSD""},""IntervalSeconds"":60,""StartUtc"":""2025-01-02T00:59:00Z"",""EndUtc"":""2025-01-02T01:00:00Z"",""Open"":1.10590,""High"":1.10590,""Low"":1.10590,""Close"":1.10590,""Volume"":1000}"
179,2025-01-02T01:00:00.0000000Z,BAR_V1,"{""InstrumentId"":{""Value"":""USDJPY""},""IntervalSeconds"":60,""StartUtc"":""2025-01-02T00:59:00Z"",""EndUtc"":""2025-01-02T01:00:00Z"",""Open"":145.590,""High"":145.590,""Low"":145.590,""Close"":145.590,""Volume"":1000}"
180,2025-01-02T01:00:00.0000000Z,BAR_V1,"{""InstrumentId"":{""Value"":""XAUUSD""},""IntervalSeconds"":60,""StartUtc"":""2025-01-02T00:59:00Z"",""EndUtc"":""2025-01-02T01:00:00Z"",""Open"":2005.90,""High"":2005.90,""Low"":2005.90,""Close"":2005.90,""Volume"":1}"
181,2025-01-02T01:01:00.0000000Z,BAR_V1,"{""InstrumentId"":{""Value"":""EURUSD""},""IntervalSeconds"":60,""StartUtc"":""2025-01-02T01:00:00Z"",""EndUtc"":""2025-01-02T01:01:00Z"",""Open"":1.10600,""High"":1.10600,""Low"":1.10600,""Close"":1.10600,""Volume"":1000}"
182,2025-01-02T01:01:00.0000000Z,BAR_V1,"{""InstrumentId"":{""Value"":""USDJPY""},""IntervalSeconds"":60,""StartUtc"":""2025-01-02T01:00:00Z"",""EndUtc"":""2025-01-02T01:01:00Z"",""Open"":145.600,""High"":145.600,""Low"":145.600,""Close"":145.600,""Volume"":1000}"
183,2025-01-02T01:01:00.0000000Z,BAR_V1,"{""InstrumentId"":{""Value"":""XAUUSD""},""IntervalSeconds"":60,""StartUtc"":""2025-01-02T01:00:00Z"",""EndUtc"":""2025-01-02T01:01:00Z"",""Open"":2006.00,""High"":2006.00,""Low"":2006.00,""Close"":2006.00,""Volume"":1}"
184,2025-01-02T01:02:00.0000000Z,BAR_V1,"{""InstrumentId"":{""Value"":""EURUSD""},""IntervalSeconds"":60,""StartUtc"":""2025-01-02T01:01:00Z"",""EndUtc"":""2025-01-02T01:02:00Z"",""Open"":1.10610,""High"":1.10610,""Low"":1.10610,""Close"":1.10610,""Volume"":1000}"
185,2025-01-02T01:02:00.0000000Z,BAR_V1,"{""InstrumentId"":{""Value"":""USDJPY""},""IntervalSeconds"":60,""StartUtc"":""2025-01-02T01:01:00Z"",""EndUtc"":""2025-01-02T01:02:00Z"",""Open"":145.610,""High"":145.610,""Low"":145.610,""Close"":145.610,""Volume"":1000}"
186,2025-01-02T01:02:00.0000000Z,BAR_V1,"{""InstrumentId"":{""Value"":""XAUUSD""},""IntervalSeconds"":60,""StartUtc"":""2025-01-02T01:01:00Z"",""EndUtc"":""2025-01-02T01:02:00Z"",""Open"":2006.10,""High"":2006.10,""Low"":2006.10,""Close"":2006.10,""Volume"":1}"
187,2025-01-02T01:03:00.0000000Z,BAR_V1,"{""InstrumentId"":{""Value"":""EURUSD""},""IntervalSeconds"":60,""StartUtc"":""2025-01-02T01:02:00Z"",""EndUtc"":""2025-01-02T01:03:00Z"",""Open"":1.10620,""High"":1.10620,""Low"":1.10620,""Close"":1.10620,""Volume"":1000}"
188,2025-01-02T01:03:00.0000000Z,BAR_V1,"{""InstrumentId"":{""Value"":""USDJPY""},""IntervalSeconds"":60,""StartUtc"":""2025-01-02T01:02:00Z"",""EndUtc"":""2025-01-02T01:03:00Z"",""Open"":145.620,""High"":145.620,""Low"":145.620,""Close"":145.620,""Volume"":1000}"
189,2025-01-02T01:03:00.0000000Z,BAR_V1,"{""InstrumentId"":{""Value"":""XAUUSD""},""IntervalSeconds"":60,""StartUtc"":""2025-01-02T01:02:00Z"",""EndUtc"":""2025-01-02T01:03:00Z"",""Open"":2006.20,""High"":2006.20,""Low"":2006.20,""Close"":2006.20,""Volume"":1}"
190,2025-01-02T01:04:00.0000000Z,BAR_V1,"{""InstrumentId"":{""Value"":""EURUSD""},""IntervalSeconds"":60,""StartUtc"":""2025-01-02T01:03:00Z"",""EndUtc"":""2025-01-02T01:04:00Z"",""Open"":1.10630,""High"":1.10630,""Low"":1.10630,""Close"":1.10630,""Volume"":1000}"
191,2025-01-02T01:04:00.0000000Z,BAR_V1,"{""InstrumentId"":{""Value"":""USDJPY""},""IntervalSeconds"":60,""StartUtc"":""2025-01-02T01:03:00Z"",""EndUtc"":""2025-01-02T01:04:00Z"",""Open"":145.630,""High"":145.630,""Low"":145.630,""Close"":145.630,""Volume"":1000}"
192,2025-01-02T01:04:00.0000000Z,BAR_V1,"{""InstrumentId"":{""Value"":""XAUUSD""},""IntervalSeconds"":60,""StartUtc"":""2025-01-02T01:03:00Z"",""EndUtc"":""2025-01-02T01:04:00Z"",""Open"":2006.30,""High"":2006.30,""Low"":2006.30,""Close"":2006.30,""Volume"":1}"
193,2025-01-02T01:05:00.0000000Z,BAR_V1,"{""InstrumentId"":{""Value"":""EURUSD""},""IntervalSeconds"":60,""StartUtc"":""2025-01-02T01:04:00Z"",""EndUtc"":""2025-01-02T01:05:00Z"",""Open"":1.10640,""High"":1.10640,""Low"":1.10640,""Close"":1.10640,""Volume"":1000}"
194,2025-01-02T01:05:00.0000000Z,BAR_V1,"{""InstrumentId"":{""Value"":""USDJPY""},""IntervalSeconds"":60,""StartUtc"":""2025-01-02T01:04:00Z"",""EndUtc"":""2025-01-02T01:05:00Z"",""Open"":145.640,""High"":145.640,""Low"":145.640,""Close"":145.640,""Volume"":1000}"
195,2025-01-02T01:05:00.0000000Z,BAR_V1,"{""InstrumentId"":{""Value"":""XAUUSD""},""IntervalSeconds"":60,""StartUtc"":""2025-01-02T01:04:00Z"",""EndUtc"":""2025-01-02T01:05:00Z"",""Open"":2006.40,""High"":2006.40,""Low"":2006.40,""Close"":2006.40,""Volume"":1}"
196,2025-01-02T01:06:00.0000000Z,BAR_V1,"{""InstrumentId"":{""Value"":""EURUSD""},""IntervalSeconds"":60,""StartUtc"":""2025-01-02T01:05:00Z"",""EndUtc"":""2025-01-02T01:06:00Z"",""Open"":1.10650,""High"":1.10650,""Low"":1.10650,""Close"":1.10650,""Volume"":1000}"
197,2025-01-02T01:06:00.0000000Z,BAR_V1,"{""InstrumentId"":{""Value"":""USDJPY""},""IntervalSeconds"":60,""StartUtc"":""2025-01-02T01:05:00Z"",""EndUtc"":""2025-01-02T01:06:00Z"",""Open"":145.650,""High"":145.650,""Low"":145.650,""Close"":145.650,""Volume"":1000}"
198,2025-01-02T01:06:00.0000000Z,BAR_V1,"{""InstrumentId"":{""Value"":""XAUUSD""},""IntervalSeconds"":60,""StartUtc"":""2025-01-02T01:05:00Z"",""EndUtc"":""2025-01-02T01:06:00Z"",""Open"":2006.50,""High"":2006.50,""Low"":2006.50,""Close"":2006.50,""Volume"":1}"
199,2025-01-02T01:07:00.0000000Z,BAR_V1,"{""InstrumentId"":{""Value"":""EURUSD""},""IntervalSeconds"":60,""StartUtc"":""2025-01-02T01:06:00Z"",""EndUtc"":""2025-01-02T01:07:00Z"",""Open"":1.10660,""High"":1.10660,""Low"":1.10660,""Close"":1.10660,""Volume"":1000}"
200,2025-01-02T01:07:00.0000000Z,BAR_V1,"{""InstrumentId"":{""Value"":""USDJPY""},""IntervalSeconds"":60,""StartUtc"":""2025-01-02T01:06:00Z"",""EndUtc"":""2025-01-02T01:07:00Z"",""Open"":145.660,""High"":145.660,""Low"":145.660,""Close"":145.660,""Volume"":1000}"
201,2025-01-02T01:07:00.0000000Z,BAR_V1,"{""InstrumentId"":{""Value"":""XAUUSD""},""IntervalSeconds"":60,""StartUtc"":""2025-01-02T01:06:00Z"",""EndUtc"":""2025-01-02T01:07:00Z"",""Open"":2006.60,""High"":2006.60,""Low"":2006.60,""Close"":2006.60,""Volume"":1}"
202,2025-01-02T01:08:00.0000000Z,BAR_V1,"{""InstrumentId"":{""Value"":""EURUSD""},""IntervalSeconds"":60,""StartUtc"":""2025-01-02T01:07:00Z"",""EndUtc"":""2025-01-02T01:08:00Z"",""Open"":1.10670,""High"":1.10670,""Low"":1.10670,""Close"":1.10670,""Volume"":1000}"
203,2025-01-02T01:08:00.0000000Z,BAR_V1,"{""InstrumentId"":{""Value"":""USDJPY""},""IntervalSeconds"":60,""StartUtc"":""2025-01-02T01:07:00Z"",""EndUtc"":""2025-01-02T01:08:00Z"",""Open"":145.670,""High"":145.670,""Low"":145.670,""Close"":145.670,""Volume"":1000}"
204,2025-01-02T01:08:00.0000000Z,BAR_V1,"{""InstrumentId"":{""Value"":""XAUUSD""},""IntervalSeconds"":60,""StartUtc"":""2025-01-02T01:07:00Z"",""EndUtc"":""2025-01-02T01:08:00Z"",""Open"":2006.70,""High"":2006.70,""Low"":2006.70,""Close"":2006.70,""Volume"":1}"
205,2025-01-02T01:09:00.0000000Z,BAR_V1,"{""InstrumentId"":{""Value"":""EURUSD""},""IntervalSeconds"":60,""StartUtc"":""2025-01-02T01:08:00Z"",""EndUtc"":""2025-01-02T01:09:00Z"",""Open"":1.10680,""High"":1.10680,""Low"":1.10680,""Close"":1.10680,""Volume"":1000}"
206,2025-01-02T01:09:00.0000000Z,BAR_V1,"{""InstrumentId"":{""Value"":""USDJPY""},""IntervalSeconds"":60,""StartUtc"":""2025-01-02T01:08:00Z"",""EndUtc"":""2025-01-02T01:09:00Z"",""Open"":145.680,""High"":145.680,""Low"":145.680,""Close"":145.680,""Volume"":1000}"
207,2025-01-02T01:09:00.0000000Z,BAR_V1,"{""InstrumentId"":{""Value"":""XAUUSD""},""IntervalSeconds"":60,""StartUtc"":""2025-01-02T01:08:00Z"",""EndUtc"":""2025-01-02T01:09:00Z"",""Open"":2006.80,""High"":2006.80,""Low"":2006.80,""Close"":2006.80,""Volume"":1}"
208,2025-01-02T01:10:00.0000000Z,BAR_V1,"{""InstrumentId"":{""Value"":""EURUSD""},""IntervalSeconds"":60,""StartUtc"":""2025-01-02T01:09:00Z"",""EndUtc"":""2025-01-02T01:10:00Z"",""Open"":1.10690,""High"":1.10690,""Low"":1.10690,""Close"":1.10690,""Volume"":1000}"
209,2025-01-02T01:10:00.0000000Z,BAR_V1,"{""InstrumentId"":{""Value"":""USDJPY""},""IntervalSeconds"":60,""StartUtc"":""2025-01-02T01:09:00Z"",""EndUtc"":""2025-01-02T01:10:00Z"",""Open"":145.690,""High"":145.690,""Low"":145.690,""Close"":145.690,""Volume"":1000}"
210,2025-01-02T01:10:00.0000000Z,BAR_V1,"{""InstrumentId"":{""Value"":""XAUUSD""},""IntervalSeconds"":60,""StartUtc"":""2025-01-02T01:09:00Z"",""EndUtc"":""2025-01-02T01:10:00Z"",""Open"":2006.90,""High"":2006.90,""Low"":2006.90,""Close"":2006.90,""Volume"":1}"
211,2025-01-02T01:11:00.0000000Z,BAR_V1,"{""InstrumentId"":{""Value"":""EURUSD""},""IntervalSeconds"":60,""StartUtc"":""2025-01-02T01:10:00Z"",""EndUtc"":""2025-01-02T01:11:00Z"",""Open"":1.10700,""High"":1.10700,""Low"":1.10700,""Close"":1.10700,""Volume"":1000}"
212,2025-01-02T01:11:00.0000000Z,BAR_V1,"{""InstrumentId"":{""Value"":""USDJPY""},""IntervalSeconds"":60,""StartUtc"":""2025-01-02T01:10:00Z"",""EndUtc"":""2025-01-02T01:11:00Z"",""Open"":145.700,""High"":145.700,""Low"":145.700,""Close"":145.700,""Volume"":1000}"
213,2025-01-02T01:11:00.0000000Z,BAR_V1,"{""InstrumentId"":{""Value"":""XAUUSD""},""IntervalSeconds"":60,""StartUtc"":""2025-01-02T01:10:00Z"",""EndUtc"":""2025-01-02T01:11:00Z"",""Open"":2007.00,""High"":2007.00,""Low"":2007.00,""Close"":2007.00,""Volume"":1}"
214,2025-01-02T01:12:00.0000000Z,BAR_V1,"{""InstrumentId"":{""Value"":""EURUSD""},""IntervalSeconds"":60,""StartUtc"":""2025-01-02T01:11:00Z"",""EndUtc"":""2025-01-02T01:12:00Z"",""Open"":1.10710,""High"":1.10710,""Low"":1.10710,""Close"":1.10710,""Volume"":1000}"
215,2025-01-02T01:12:00.0000000Z,BAR_V1,"{""InstrumentId"":{""Value"":""USDJPY""},""IntervalSeconds"":60,""StartUtc"":""2025-01-02T01:11:00Z"",""EndUtc"":""2025-01-02T01:12:00Z"",""Open"":145.710,""High"":145.710,""Low"":145.710,""Close"":145.710,""Volume"":1000}"
216,2025-01-02T01:12:00.0000000Z,BAR_V1,"{""InstrumentId"":{""Value"":""XAUUSD""},""IntervalSeconds"":60,""StartUtc"":""2025-01-02T01:11:00Z"",""EndUtc"":""2025-01-02T01:12:00Z"",""Open"":2007.10,""High"":2007.10,""Low"":2007.10,""Close"":2007.10,""Volume"":1}"
217,2025-01-02T01:13:00.0000000Z,BAR_V1,"{""InstrumentId"":{""Value"":""EURUSD""},""IntervalSeconds"":60,""StartUtc"":""2025-01-02T01:12:00Z"",""EndUtc"":""2025-01-02T01:13:00Z"",""Open"":1.10720,""High"":1.10720,""Low"":1.10720,""Close"":1.10720,""Volume"":1000}"
218,2025-01-02T01:13:00.0000000Z,BAR_V1,"{""InstrumentId"":{""Value"":""USDJPY""},""IntervalSeconds"":60,""StartUtc"":""2025-01-02T01:12:00Z"",""EndUtc"":""2025-01-02T01:13:00Z"",""Open"":145.720,""High"":145.720,""Low"":145.720,""Close"":145.720,""Volume"":1000}"
219,2025-01-02T01:13:00.0000000Z,BAR_V1,"{""InstrumentId"":{""Value"":""XAUUSD""},""IntervalSeconds"":60,""StartUtc"":""2025-01-02T01:12:00Z"",""EndUtc"":""2025-01-02T01:13:00Z"",""Open"":2007.20,""High"":2007.20,""Low"":2007.20,""Close"":2007.20,""Volume"":1}"
220,2025-01-02T01:14:00.0000000Z,BAR_V1,"{""InstrumentId"":{""Value"":""EURUSD""},""IntervalSeconds"":60,""StartUtc"":""2025-01-02T01:13:00Z"",""EndUtc"":""2025-01-02T01:14:00Z"",""Open"":1.10730,""High"":1.10730,""Low"":1.10730,""Close"":1.10730,""Volume"":1000}"
221,2025-01-02T01:14:00.0000000Z,BAR_V1,"{""InstrumentId"":{""Value"":""USDJPY""},""IntervalSeconds"":60,""StartUtc"":""2025-01-02T01:13:00Z"",""EndUtc"":""2025-01-02T01:14:00Z"",""Open"":145.730,""High"":145.730,""Low"":145.730,""Close"":145.730,""Volume"":1000}"
222,2025-01-02T01:14:00.0000000Z,BAR_V1,"{""InstrumentId"":{""Value"":""XAUUSD""},""IntervalSeconds"":60,""StartUtc"":""2025-01-02T01:13:00Z"",""EndUtc"":""2025-01-02T01:14:00Z"",""Open"":2007.30,""High"":2007.30,""Low"":2007.30,""Close"":2007.30,""Volume"":1}"
223,2025-01-02T01:15:00.0000000Z,BAR_V1,"{""InstrumentId"":{""Value"":""EURUSD""},""IntervalSeconds"":60,""StartUtc"":""2025-01-02T01:14:00Z"",""EndUtc"":""2025-01-02T01:15:00Z"",""Open"":1.10740,""High"":1.10740,""Low"":1.10740,""Close"":1.10740,""Volume"":1000}"
224,2025-01-02T01:15:00.0000000Z,BAR_V1,"{""InstrumentId"":{""Value"":""USDJPY""},""IntervalSeconds"":60,""StartUtc"":""2025-01-02T01:14:00Z"",""EndUtc"":""2025-01-02T01:15:00Z"",""Open"":145.740,""High"":145.740,""Low"":145.740,""Close"":145.740,""Volume"":1000}"
225,2025-01-02T01:15:00.0000000Z,BAR_V1,"{""InstrumentId"":{""Value"":""XAUUSD""},""IntervalSeconds"":60,""StartUtc"":""2025-01-02T01:14:00Z"",""EndUtc"":""2025-01-02T01:15:00Z"",""Open"":2007.40,""High"":2007.40,""Low"":2007.40,""Close"":2007.40,""Volume"":1}"
226,2025-01-02T01:16:00.0000000Z,BAR_V1,"{""InstrumentId"":{""Value"":""EURUSD""},""IntervalSeconds"":60,""StartUtc"":""2025-01-02T01:15:00Z"",""EndUtc"":""2025-01-02T01:16:00Z"",""Open"":1.10750,""High"":1.10750,""Low"":1.10750,""Close"":1.10750,""Volume"":1000}"
227,2025-01-02T01:16:00.0000000Z,BAR_V1,"{""InstrumentId"":{""Value"":""USDJPY""},""IntervalSeconds"":60,""StartUtc"":""2025-01-02T01:15:00Z"",""EndUtc"":""2025-01-02T01:16:00Z"",""Open"":145.750,""High"":145.750,""Low"":145.750,""Close"":145.750,""Volume"":1000}"
228,2025-01-02T01:16:00.0000000Z,BAR_V1,"{""InstrumentId"":{""Value"":""XAUUSD""},""IntervalSeconds"":60,""StartUtc"":""2025-01-02T01:15:00Z"",""EndUtc"":""2025-01-02T01:16:00Z"",""Open"":2007.50,""High"":2007.50,""Low"":2007.50,""Close"":2007.50,""Volume"":1}"
229,2025-01-02T01:17:00.0000000Z,BAR_V1,"{""InstrumentId"":{""Value"":""EURUSD""},""IntervalSeconds"":60,""StartUtc"":""2025-01-02T01:16:00Z"",""EndUtc"":""2025-01-02T01:17:00Z"",""Open"":1.10760,""High"":1.10760,""Low"":1.10760,""Close"":1.10760,""Volume"":1000}"
230,2025-01-02T01:17:00.0000000Z,BAR_V1,"{""InstrumentId"":{""Value"":""USDJPY""},""IntervalSeconds"":60,""StartUtc"":""2025-01-02T01:16:00Z"",""EndUtc"":""2025-01-02T01:17:00Z"",""Open"":145.760,""High"":145.760,""Low"":145.760,""Close"":145.760,""Volume"":1000}"
231,2025-01-02T01:17:00.0000000Z,BAR_V1,"{""InstrumentId"":{""Value"":""XAUUSD""},""IntervalSeconds"":60,""StartUtc"":""2025-01-02T01:16:00Z"",""EndUtc"":""2025-01-02T01:17:00Z"",""Open"":2007.60,""High"":2007.60,""Low"":2007.60,""Close"":2007.60,""Volume"":1}"
232,2025-01-02T01:18:00.0000000Z,BAR_V1,"{""InstrumentId"":{""Value"":""EURUSD""},""IntervalSeconds"":60,""StartUtc"":""2025-01-02T01:17:00Z"",""EndUtc"":""2025-01-02T01:18:00Z"",""Open"":1.10770,""High"":1.10770,""Low"":1.10770,""Close"":1.10770,""Volume"":1000}"
233,2025-01-02T01:18:00.0000000Z,BAR_V1,"{""InstrumentId"":{""Value"":""USDJPY""},""IntervalSeconds"":60,""StartUtc"":""2025-01-02T01:17:00Z"",""EndUtc"":""2025-01-02T01:18:00Z"",""Open"":145.770,""High"":145.770,""Low"":145.770,""Close"":145.770,""Volume"":1000}"
234,2025-01-02T01:18:00.0000000Z,BAR_V1,"{""InstrumentId"":{""Value"":""XAUUSD""},""IntervalSeconds"":60,""StartUtc"":""2025-01-02T01:17:00Z"",""EndUtc"":""2025-01-02T01:18:00Z"",""Open"":2007.70,""High"":2007.70,""Low"":2007.70,""Close"":2007.70,""Volume"":1}"
235,2025-01-02T01:19:00.0000000Z,BAR_V1,"{""InstrumentId"":{""Value"":""EURUSD""},""IntervalSeconds"":60,""StartUtc"":""2025-01-02T01:18:00Z"",""EndUtc"":""2025-01-02T01:19:00Z"",""Open"":1.10780,""High"":1.10780,""Low"":1.10780,""Close"":1.10780,""Volume"":1000}"
236,2025-01-02T01:19:00.0000000Z,BAR_V1,"{""InstrumentId"":{""Value"":""USDJPY""},""IntervalSeconds"":60,""StartUtc"":""2025-01-02T01:18:00Z"",""EndUtc"":""2025-01-02T01:19:00Z"",""Open"":145.780,""High"":145.780,""Low"":145.780,""Close"":145.780,""Volume"":1000}"
237,2025-01-02T01:19:00.0000000Z,BAR_V1,"{""InstrumentId"":{""Value"":""XAUUSD""},""IntervalSeconds"":60,""StartUtc"":""2025-01-02T01:18:00Z"",""EndUtc"":""2025-01-02T01:19:00Z"",""Open"":2007.80,""High"":2007.80,""Low"":2007.80,""Close"":2007.80,""Volume"":1}"
238,2025-01-02T01:20:00.0000000Z,BAR_V1,"{""InstrumentId"":{""Value"":""EURUSD""},""IntervalSeconds"":60,""StartUtc"":""2025-01-02T01:19:00Z"",""EndUtc"":""2025-01-02T01:20:00Z"",""Open"":1.10790,""High"":1.10790,""Low"":1.10790,""Close"":1.10790,""Volume"":1000}"
239,2025-01-02T01:20:00.0000000Z,BAR_V1,"{""InstrumentId"":{""Value"":""USDJPY""},""IntervalSeconds"":60,""StartUtc"":""2025-01-02T01:19:00Z"",""EndUtc"":""2025-01-02T01:20:00Z"",""Open"":145.790,""High"":145.790,""Low"":145.790,""Close"":145.790,""Volume"":1000}"
240,2025-01-02T01:20:00.0000000Z,BAR_V1,"{""InstrumentId"":{""Value"":""XAUUSD""},""IntervalSeconds"":60,""StartUtc"":""2025-01-02T01:19:00Z"",""EndUtc"":""2025-01-02T01:20:00Z"",""Open"":2007.90,""High"":2007.90,""Low"":2007.90,""Close"":2007.90,""Volume"":1}"
241,2025-01-02T01:21:00.0000000Z,BAR_V1,"{""InstrumentId"":{""Value"":""EURUSD""},""IntervalSeconds"":60,""StartUtc"":""2025-01-02T01:20:00Z"",""EndUtc"":""2025-01-02T01:21:00Z"",""Open"":1.10800,""High"":1.10800,""Low"":1.10800,""Close"":1.10800,""Volume"":1000}"
242,2025-01-02T01:21:00.0000000Z,BAR_V1,"{""InstrumentId"":{""Value"":""USDJPY""},""IntervalSeconds"":60,""StartUtc"":""2025-01-02T01:20:00Z"",""EndUtc"":""2025-01-02T01:21:00Z"",""Open"":145.800,""High"":145.800,""Low"":145.800,""Close"":145.800,""Volume"":1000}"
243,2025-01-02T01:21:00.0000000Z,BAR_V1,"{""InstrumentId"":{""Value"":""XAUUSD""},""IntervalSeconds"":60,""StartUtc"":""2025-01-02T01:20:00Z"",""EndUtc"":""2025-01-02T01:21:00Z"",""Open"":2008.00,""High"":2008.00,""Low"":2008.00,""Close"":2008.00,""Volume"":1}"
244,2025-01-02T01:22:00.0000000Z,BAR_V1,"{""InstrumentId"":{""Value"":""EURUSD""},""IntervalSeconds"":60,""StartUtc"":""2025-01-02T01:21:00Z"",""EndUtc"":""2025-01-02T01:22:00Z"",""Open"":1.10810,""High"":1.10810,""Low"":1.10810,""Close"":1.10810,""Volume"":1000}"
245,2025-01-02T01:22:00.0000000Z,BAR_V1,"{""InstrumentId"":{""Value"":""USDJPY""},""IntervalSeconds"":60,""StartUtc"":""2025-01-02T01:21:00Z"",""EndUtc"":""2025-01-02T01:22:00Z"",""Open"":145.810,""High"":145.810,""Low"":145.810,""Close"":145.810,""Volume"":1000}"
246,2025-01-02T01:22:00.0000000Z,BAR_V1,"{""InstrumentId"":{""Value"":""XAUUSD""},""IntervalSeconds"":60,""StartUtc"":""2025-01-02T01:21:00Z"",""EndUtc"":""2025-01-02T01:22:00Z"",""Open"":2008.10,""High"":2008.10,""Low"":2008.10,""Close"":2008.10,""Volume"":1}"
247,2025-01-02T01:23:00.0000000Z,BAR_V1,"{""InstrumentId"":{""Value"":""EURUSD""},""IntervalSeconds"":60,""StartUtc"":""2025-01-02T01:22:00Z"",""EndUtc"":""2025-01-02T01:23:00Z"",""Open"":1.10820,""High"":1.10820,""Low"":1.10820,""Close"":1.10820,""Volume"":1000}"
248,2025-01-02T01:23:00.0000000Z,BAR_V1,"{""InstrumentId"":{""Value"":""USDJPY""},""IntervalSeconds"":60,""StartUtc"":""2025-01-02T01:22:00Z"",""EndUtc"":""2025-01-02T01:23:00Z"",""Open"":145.820,""High"":145.820,""Low"":145.820,""Close"":145.820,""Volume"":1000}"
249,2025-01-02T01:23:00.0000000Z,BAR_V1,"{""InstrumentId"":{""Value"":""XAUUSD""},""IntervalSeconds"":60,""StartUtc"":""2025-01-02T01:22:00Z"",""EndUtc"":""2025-01-02T01:23:00Z"",""Open"":2008.20,""High"":2008.20,""Low"":2008.20,""Close"":2008.20,""Volume"":1}"
250,2025-01-02T01:24:00.0000000Z,BAR_V1,"{""InstrumentId"":{""Value"":""EURUSD""},""IntervalSeconds"":60,""StartUtc"":""2025-01-02T01:23:00Z"",""EndUtc"":""2025-01-02T01:24:00Z"",""Open"":1.10830,""High"":1.10830,""Low"":1.10830,""Close"":1.10830,""Volume"":1000}"
251,2025-01-02T01:24:00.0000000Z,BAR_V1,"{""InstrumentId"":{""Value"":""USDJPY""},""IntervalSeconds"":60,""StartUtc"":""2025-01-02T01:23:00Z"",""EndUtc"":""2025-01-02T01:24:00Z"",""Open"":145.830,""High"":145.830,""Low"":145.830,""Close"":145.830,""Volume"":1000}"
252,2025-01-02T01:24:00.0000000Z,BAR_V1,"{""InstrumentId"":{""Value"":""XAUUSD""},""IntervalSeconds"":60,""StartUtc"":""2025-01-02T01:23:00Z"",""EndUtc"":""2025-01-02T01:24:00Z"",""Open"":2008.30,""High"":2008.30,""Low"":2008.30,""Close"":2008.30,""Volume"":1}"
253,2025-01-02T01:25:00.0000000Z,BAR_V1,"{""InstrumentId"":{""Value"":""EURUSD""},""IntervalSeconds"":60,""StartUtc"":""2025-01-02T01:24:00Z"",""EndUtc"":""2025-01-02T01:25:00Z"",""Open"":1.10840,""High"":1.10840,""Low"":1.10840,""Close"":1.10840,""Volume"":1000}"
254,2025-01-02T01:25:00.0000000Z,BAR_V1,"{""InstrumentId"":{""Value"":""USDJPY""},""IntervalSeconds"":60,""StartUtc"":""2025-01-02T01:24:00Z"",""EndUtc"":""2025-01-02T01:25:00Z"",""Open"":145.840,""High"":145.840,""Low"":145.840,""Close"":145.840,""Volume"":1000}"
255,2025-01-02T01:25:00.0000000Z,BAR_V1,"{""InstrumentId"":{""Value"":""XAUUSD""},""IntervalSeconds"":60,""StartUtc"":""2025-01-02T01:24:00Z"",""EndUtc"":""2025-01-02T01:25:00Z"",""Open"":2008.40,""High"":2008.40,""Low"":2008.40,""Close"":2008.40,""Volume"":1}"
256,2025-01-02T01:26:00.0000000Z,BAR_V1,"{""InstrumentId"":{""Value"":""EURUSD""},""IntervalSeconds"":60,""StartUtc"":""2025-01-02T01:25:00Z"",""EndUtc"":""2025-01-02T01:26:00Z"",""Open"":1.10850,""High"":1.10850,""Low"":1.10850,""Close"":1.10850,""Volume"":1000}"
257,2025-01-02T01:26:00.0000000Z,BAR_V1,"{""InstrumentId"":{""Value"":""USDJPY""},""IntervalSeconds"":60,""StartUtc"":""2025-01-02T01:25:00Z"",""EndUtc"":""2025-01-02T01:26:00Z"",""Open"":145.850,""High"":145.850,""Low"":145.850,""Close"":145.850,""Volume"":1000}"
258,2025-01-02T01:26:00.0000000Z,BAR_V1,"{""InstrumentId"":{""Value"":""XAUUSD""},""IntervalSeconds"":60,""StartUtc"":""2025-01-02T01:25:00Z"",""EndUtc"":""2025-01-02T01:26:00Z"",""Open"":2008.50,""High"":2008.50,""Low"":2008.50,""Close"":2008.50,""Volume"":1}"
259,2025-01-02T01:27:00.0000000Z,BAR_V1,"{""InstrumentId"":{""Value"":""EURUSD""},""IntervalSeconds"":60,""StartUtc"":""2025-01-02T01:26:00Z"",""EndUtc"":""2025-01-02T01:27:00Z"",""Open"":1.10860,""High"":1.10860,""Low"":1.10860,""Close"":1.10860,""Volume"":1000}"
260,2025-01-02T01:27:00.0000000Z,BAR_V1,"{""InstrumentId"":{""Value"":""USDJPY""},""IntervalSeconds"":60,""StartUtc"":""2025-01-02T01:26:00Z"",""EndUtc"":""2025-01-02T01:27:00Z"",""Open"":145.860,""High"":145.860,""Low"":145.860,""Close"":145.860,""Volume"":1000}"
261,2025-01-02T01:27:00.0000000Z,BAR_V1,"{""InstrumentId"":{""Value"":""XAUUSD""},""IntervalSeconds"":60,""StartUtc"":""2025-01-02T01:26:00Z"",""EndUtc"":""2025-01-02T01:27:00Z"",""Open"":2008.60,""High"":2008.60,""Low"":2008.60,""Close"":2008.60,""Volume"":1}"
262,2025-01-02T01:28:00.0000000Z,BAR_V1,"{""InstrumentId"":{""Value"":""EURUSD""},""IntervalSeconds"":60,""StartUtc"":""2025-01-02T01:27:00Z"",""EndUtc"":""2025-01-02T01:28:00Z"",""Open"":1.10870,""High"":1.10870,""Low"":1.10870,""Close"":1.10870,""Volume"":1000}"
263,2025-01-02T01:28:00.0000000Z,BAR_V1,"{""InstrumentId"":{""Value"":""USDJPY""},""IntervalSeconds"":60,""StartUtc"":""2025-01-02T01:27:00Z"",""EndUtc"":""2025-01-02T01:28:00Z"",""Open"":145.870,""High"":145.870,""Low"":145.870,""Close"":145.870,""Volume"":1000}"
264,2025-01-02T01:28:00.0000000Z,BAR_V1,"{""InstrumentId"":{""Value"":""XAUUSD""},""IntervalSeconds"":60,""StartUtc"":""2025-01-02T01:27:00Z"",""EndUtc"":""2025-01-02T01:28:00Z"",""Open"":2008.70,""High"":2008.70,""Low"":2008.70,""Close"":2008.70,""Volume"":1}"
265,2025-01-02T01:29:00.0000000Z,BAR_V1,"{""InstrumentId"":{""Value"":""EURUSD""},""IntervalSeconds"":60,""StartUtc"":""2025-01-02T01:28:00Z"",""EndUtc"":""2025-01-02T01:29:00Z"",""Open"":1.10880,""High"":1.10880,""Low"":1.10880,""Close"":1.10880,""Volume"":1000}"
266,2025-01-02T01:29:00.0000000Z,BAR_V1,"{""InstrumentId"":{""Value"":""USDJPY""},""IntervalSeconds"":60,""StartUtc"":""2025-01-02T01:28:00Z"",""EndUtc"":""2025-01-02T01:29:00Z"",""Open"":145.880,""High"":145.880,""Low"":145.880,""Close"":145.880,""Volume"":1000}"
267,2025-01-02T01:29:00.0000000Z,BAR_V1,"{""InstrumentId"":{""Value"":""XAUUSD""},""IntervalSeconds"":60,""StartUtc"":""2025-01-02T01:28:00Z"",""EndUtc"":""2025-01-02T01:29:00Z"",""Open"":2008.80,""High"":2008.80,""Low"":2008.80,""Close"":2008.80,""Volume"":1}"
268,2025-01-02T01:30:00.0000000Z,BAR_V1,"{""InstrumentId"":{""Value"":""EURUSD""},""IntervalSeconds"":60,""StartUtc"":""2025-01-02T01:29:00Z"",""EndUtc"":""2025-01-02T01:30:00Z"",""Open"":1.10890,""High"":1.10890,""Low"":1.10890,""Close"":1.10890,""Volume"":1000}"
269,2025-01-02T01:30:00.0000000Z,BAR_V1,"{""InstrumentId"":{""Value"":""USDJPY""},""IntervalSeconds"":60,""StartUtc"":""2025-01-02T01:29:00Z"",""EndUtc"":""2025-01-02T01:30:00Z"",""Open"":145.890,""High"":145.890,""Low"":145.890,""Close"":145.890,""Volume"":1000}"
270,2025-01-02T01:30:00.0000000Z,BAR_V1,"{""InstrumentId"":{""Value"":""XAUUSD""},""IntervalSeconds"":60,""StartUtc"":""2025-01-02T01:29:00Z"",""EndUtc"":""2025-01-02T01:30:00Z"",""Open"":2008.90,""High"":2008.90,""Low"":2008.90,""Close"":2008.90,""Volume"":1}"
271,2025-01-02T01:31:00.0000000Z,BAR_V1,"{""InstrumentId"":{""Value"":""EURUSD""},""IntervalSeconds"":60,""StartUtc"":""2025-01-02T01:30:00Z"",""EndUtc"":""2025-01-02T01:31:00Z"",""Open"":1.10900,""High"":1.10900,""Low"":1.10900,""Close"":1.10900,""Volume"":1000}"
272,2025-01-02T01:31:00.0000000Z,BAR_V1,"{""InstrumentId"":{""Value"":""USDJPY""},""IntervalSeconds"":60,""StartUtc"":""2025-01-02T01:30:00Z"",""EndUtc"":""2025-01-02T01:31:00Z"",""Open"":145.900,""High"":145.900,""Low"":145.900,""Close"":145.900,""Volume"":1000}"
273,2025-01-02T01:31:00.0000000Z,BAR_V1,"{""InstrumentId"":{""Value"":""XAUUSD""},""IntervalSeconds"":60,""StartUtc"":""2025-01-02T01:30:00Z"",""EndUtc"":""2025-01-02T01:31:00Z"",""Open"":2009.00,""High"":2009.00,""Low"":2009.00,""Close"":2009.00,""Volume"":1}"
274,2025-01-02T01:32:00.0000000Z,BAR_V1,"{""InstrumentId"":{""Value"":""EURUSD""},""IntervalSeconds"":60,""StartUtc"":""2025-01-02T01:31:00Z"",""EndUtc"":""2025-01-02T01:32:00Z"",""Open"":1.10910,""High"":1.10910,""Low"":1.10910,""Close"":1.10910,""Volume"":1000}"
275,2025-01-02T01:32:00.0000000Z,BAR_V1,"{""InstrumentId"":{""Value"":""USDJPY""},""IntervalSeconds"":60,""StartUtc"":""2025-01-02T01:31:00Z"",""EndUtc"":""2025-01-02T01:32:00Z"",""Open"":145.910,""High"":145.910,""Low"":145.910,""Close"":145.910,""Volume"":1000}"
276,2025-01-02T01:32:00.0000000Z,BAR_V1,"{""InstrumentId"":{""Value"":""XAUUSD""},""IntervalSeconds"":60,""StartUtc"":""2025-01-02T01:31:00Z"",""EndUtc"":""2025-01-02T01:32:00Z"",""Open"":2009.10,""High"":2009.10,""Low"":2009.10,""Close"":2009.10,""Volume"":1}"
277,2025-01-02T01:33:00.0000000Z,BAR_V1,"{""InstrumentId"":{""Value"":""EURUSD""},""IntervalSeconds"":60,""StartUtc"":""2025-01-02T01:32:00Z"",""EndUtc"":""2025-01-02T01:33:00Z"",""Open"":1.10920,""High"":1.10920,""Low"":1.10920,""Close"":1.10920,""Volume"":1000}"
278,2025-01-02T01:33:00.0000000Z,BAR_V1,"{""InstrumentId"":{""Value"":""USDJPY""},""IntervalSeconds"":60,""StartUtc"":""2025-01-02T01:32:00Z"",""EndUtc"":""2025-01-02T01:33:00Z"",""Open"":145.920,""High"":145.920,""Low"":145.920,""Close"":145.920,""Volume"":1000}"
279,2025-01-02T01:33:00.0000000Z,BAR_V1,"{""InstrumentId"":{""Value"":""XAUUSD""},""IntervalSeconds"":60,""StartUtc"":""2025-01-02T01:32:00Z"",""EndUtc"":""2025-01-02T01:33:00Z"",""Open"":2009.20,""High"":2009.20,""Low"":2009.20,""Close"":2009.20,""Volume"":1}"
280,2025-01-02T01:34:00.0000000Z,BAR_V1,"{""InstrumentId"":{""Value"":""EURUSD""},""IntervalSeconds"":60,""StartUtc"":""2025-01-02T01:33:00Z"",""EndUtc"":""2025-01-02T01:34:00Z"",""Open"":1.10930,""High"":1.10930,""Low"":1.10930,""Close"":1.10930,""Volume"":1000}"
281,2025-01-02T01:34:00.0000000Z,BAR_V1,"{""InstrumentId"":{""Value"":""USDJPY""},""IntervalSeconds"":60,""StartUtc"":""2025-01-02T01:33:00Z"",""EndUtc"":""2025-01-02T01:34:00Z"",""Open"":145.930,""High"":145.930,""Low"":145.930,""Close"":145.930,""Volume"":1000}"
282,2025-01-02T01:34:00.0000000Z,BAR_V1,"{""InstrumentId"":{""Value"":""XAUUSD""},""IntervalSeconds"":60,""StartUtc"":""2025-01-02T01:33:00Z"",""EndUtc"":""2025-01-02T01:34:00Z"",""Open"":2009.30,""High"":2009.30,""Low"":2009.30,""Close"":2009.30,""Volume"":1}"
283,2025-01-02T01:35:00.0000000Z,BAR_V1,"{""InstrumentId"":{""Value"":""EURUSD""},""IntervalSeconds"":60,""StartUtc"":""2025-01-02T01:34:00Z"",""EndUtc"":""2025-01-02T01:35:00Z"",""Open"":1.10940,""High"":1.10940,""Low"":1.10940,""Close"":1.10940,""Volume"":1000}"
284,2025-01-02T01:35:00.0000000Z,BAR_V1,"{""InstrumentId"":{""Value"":""USDJPY""},""IntervalSeconds"":60,""StartUtc"":""2025-01-02T01:34:00Z"",""EndUtc"":""2025-01-02T01:35:00Z"",""Open"":145.940,""High"":145.940,""Low"":145.940,""Close"":145.940,""Volume"":1000}"
285,2025-01-02T01:35:00.0000000Z,BAR_V1,"{""InstrumentId"":{""Value"":""XAUUSD""},""IntervalSeconds"":60,""StartUtc"":""2025-01-02T01:34:00Z"",""EndUtc"":""2025-01-02T01:35:00Z"",""Open"":2009.40,""High"":2009.40,""Low"":2009.40,""Close"":2009.40,""Volume"":1}"
286,2025-01-02T01:36:00.0000000Z,BAR_V1,"{""InstrumentId"":{""Value"":""EURUSD""},""IntervalSeconds"":60,""StartUtc"":""2025-01-02T01:35:00Z"",""EndUtc"":""2025-01-02T01:36:00Z"",""Open"":1.10950,""High"":1.10950,""Low"":1.10950,""Close"":1.10950,""Volume"":1000}"
287,2025-01-02T01:36:00.0000000Z,BAR_V1,"{""InstrumentId"":{""Value"":""USDJPY""},""IntervalSeconds"":60,""StartUtc"":""2025-01-02T01:35:00Z"",""EndUtc"":""2025-01-02T01:36:00Z"",""Open"":145.950,""High"":145.950,""Low"":145.950,""Close"":145.950,""Volume"":1000}"
288,2025-01-02T01:36:00.0000000Z,BAR_V1,"{""InstrumentId"":{""Value"":""XAUUSD""},""IntervalSeconds"":60,""StartUtc"":""2025-01-02T01:35:00Z"",""EndUtc"":""2025-01-02T01:36:00Z"",""Open"":2009.50,""High"":2009.50,""Low"":2009.50,""Close"":2009.50,""Volume"":1}"
289,2025-01-02T01:37:00.0000000Z,BAR_V1,"{""InstrumentId"":{""Value"":""EURUSD""},""IntervalSeconds"":60,""StartUtc"":""2025-01-02T01:36:00Z"",""EndUtc"":""2025-01-02T01:37:00Z"",""Open"":1.10960,""High"":1.10960,""Low"":1.10960,""Close"":1.10960,""Volume"":1000}"
290,2025-01-02T01:37:00.0000000Z,BAR_V1,"{""InstrumentId"":{""Value"":""USDJPY""},""IntervalSeconds"":60,""StartUtc"":""2025-01-02T01:36:00Z"",""EndUtc"":""2025-01-02T01:37:00Z"",""Open"":145.960,""High"":145.960,""Low"":145.960,""Close"":145.960,""Volume"":1000}"
291,2025-01-02T01:37:00.0000000Z,BAR_V1,"{""InstrumentId"":{""Value"":""XAUUSD""},""IntervalSeconds"":60,""StartUtc"":""2025-01-02T01:36:00Z"",""EndUtc"":""2025-01-02T01:37:00Z"",""Open"":2009.60,""High"":2009.60,""Low"":2009.60,""Close"":2009.60,""Volume"":1}"
292,2025-01-02T01:38:00.0000000Z,BAR_V1,"{""InstrumentId"":{""Value"":""EURUSD""},""IntervalSeconds"":60,""StartUtc"":""2025-01-02T01:37:00Z"",""EndUtc"":""2025-01-02T01:38:00Z"",""Open"":1.10970,""High"":1.10970,""Low"":1.10970,""Close"":1.10970,""Volume"":1000}"
293,2025-01-02T01:38:00.0000000Z,BAR_V1,"{""InstrumentId"":{""Value"":""USDJPY""},""IntervalSeconds"":60,""StartUtc"":""2025-01-02T01:37:00Z"",""EndUtc"":""2025-01-02T01:38:00Z"",""Open"":145.970,""High"":145.970,""Low"":145.970,""Close"":145.970,""Volume"":1000}"
294,2025-01-02T01:38:00.0000000Z,BAR_V1,"{""InstrumentId"":{""Value"":""XAUUSD""},""IntervalSeconds"":60,""StartUtc"":""2025-01-02T01:37:00Z"",""EndUtc"":""2025-01-02T01:38:00Z"",""Open"":2009.70,""High"":2009.70,""Low"":2009.70,""Close"":2009.70,""Volume"":1}"
295,2025-01-02T01:39:00.0000000Z,BAR_V1,"{""InstrumentId"":{""Value"":""EURUSD""},""IntervalSeconds"":60,""StartUtc"":""2025-01-02T01:38:00Z"",""EndUtc"":""2025-01-02T01:39:00Z"",""Open"":1.10980,""High"":1.10980,""Low"":1.10980,""Close"":1.10980,""Volume"":1000}"
296,2025-01-02T01:39:00.0000000Z,BAR_V1,"{""InstrumentId"":{""Value"":""USDJPY""},""IntervalSeconds"":60,""StartUtc"":""2025-01-02T01:38:00Z"",""EndUtc"":""2025-01-02T01:39:00Z"",""Open"":145.980,""High"":145.980,""Low"":145.980,""Close"":145.980,""Volume"":1000}"
297,2025-01-02T01:39:00.0000000Z,BAR_V1,"{""InstrumentId"":{""Value"":""XAUUSD""},""IntervalSeconds"":60,""StartUtc"":""2025-01-02T01:38:00Z"",""EndUtc"":""2025-01-02T01:39:00Z"",""Open"":2009.80,""High"":2009.80,""Low"":2009.80,""Close"":2009.80,""Volume"":1}"
298,2025-01-02T01:40:00.0000000Z,BAR_V1,"{""InstrumentId"":{""Value"":""EURUSD""},""IntervalSeconds"":60,""StartUtc"":""2025-01-02T01:39:00Z"",""EndUtc"":""2025-01-02T01:40:00Z"",""Open"":1.10990,""High"":1.10990,""Low"":1.10990,""Close"":1.10990,""Volume"":1000}"
299,2025-01-02T01:40:00.0000000Z,BAR_V1,"{""InstrumentId"":{""Value"":""USDJPY""},""IntervalSeconds"":60,""StartUtc"":""2025-01-02T01:39:00Z"",""EndUtc"":""2025-01-02T01:40:00Z"",""Open"":145.990,""High"":145.990,""Low"":145.990,""Close"":145.990,""Volume"":1000}"
300,2025-01-02T01:40:00.0000000Z,BAR_V1,"{""InstrumentId"":{""Value"":""XAUUSD""},""IntervalSeconds"":60,""StartUtc"":""2025-01-02T01:39:00Z"",""EndUtc"":""2025-01-02T01:40:00Z"",""Open"":2009.90,""High"":2009.90,""Low"":2009.90,""Close"":2009.90,""Volume"":1}"
301,2025-01-02T01:41:00.0000000Z,BAR_V1,"{""InstrumentId"":{""Value"":""EURUSD""},""IntervalSeconds"":60,""StartUtc"":""2025-01-02T01:40:00Z"",""EndUtc"":""2025-01-02T01:41:00Z"",""Open"":1.11000,""High"":1.11000,""Low"":1.11000,""Close"":1.11000,""Volume"":1000}"
302,2025-01-02T01:41:00.0000000Z,BAR_V1,"{""InstrumentId"":{""Value"":""USDJPY""},""IntervalSeconds"":60,""StartUtc"":""2025-01-02T01:40:00Z"",""EndUtc"":""2025-01-02T01:41:00Z"",""Open"":146.000,""High"":146.000,""Low"":146.000,""Close"":146.000,""Volume"":1000}"
303,2025-01-02T01:41:00.0000000Z,BAR_V1,"{""InstrumentId"":{""Value"":""XAUUSD""},""IntervalSeconds"":60,""StartUtc"":""2025-01-02T01:40:00Z"",""EndUtc"":""2025-01-02T01:41:00Z"",""Open"":2010.00,""High"":2010.00,""Low"":2010.00,""Close"":2010.00,""Volume"":1}"
304,2025-01-02T01:42:00.0000000Z,BAR_V1,"{""InstrumentId"":{""Value"":""EURUSD""},""IntervalSeconds"":60,""StartUtc"":""2025-01-02T01:41:00Z"",""EndUtc"":""2025-01-02T01:42:00Z"",""Open"":1.11010,""High"":1.11010,""Low"":1.11010,""Close"":1.11010,""Volume"":1000}"
305,2025-01-02T01:42:00.0000000Z,BAR_V1,"{""InstrumentId"":{""Value"":""USDJPY""},""IntervalSeconds"":60,""StartUtc"":""2025-01-02T01:41:00Z"",""EndUtc"":""2025-01-02T01:42:00Z"",""Open"":146.010,""High"":146.010,""Low"":146.010,""Close"":146.010,""Volume"":1000}"
306,2025-01-02T01:42:00.0000000Z,BAR_V1,"{""InstrumentId"":{""Value"":""XAUUSD""},""IntervalSeconds"":60,""StartUtc"":""2025-01-02T01:41:00Z"",""EndUtc"":""2025-01-02T01:42:00Z"",""Open"":2010.10,""High"":2010.10,""Low"":2010.10,""Close"":2010.10,""Volume"":1}"
307,2025-01-02T01:43:00.0000000Z,BAR_V1,"{""InstrumentId"":{""Value"":""EURUSD""},""IntervalSeconds"":60,""StartUtc"":""2025-01-02T01:42:00Z"",""EndUtc"":""2025-01-02T01:43:00Z"",""Open"":1.11020,""High"":1.11020,""Low"":1.11020,""Close"":1.11020,""Volume"":1000}"
308,2025-01-02T01:43:00.0000000Z,BAR_V1,"{""InstrumentId"":{""Value"":""USDJPY""},""IntervalSeconds"":60,""StartUtc"":""2025-01-02T01:42:00Z"",""EndUtc"":""2025-01-02T01:43:00Z"",""Open"":146.020,""High"":146.020,""Low"":146.020,""Close"":146.020,""Volume"":1000}"
309,2025-01-02T01:43:00.0000000Z,BAR_V1,"{""InstrumentId"":{""Value"":""XAUUSD""},""IntervalSeconds"":60,""StartUtc"":""2025-01-02T01:42:00Z"",""EndUtc"":""2025-01-02T01:43:00Z"",""Open"":2010.20,""High"":2010.20,""Low"":2010.20,""Close"":2010.20,""Volume"":1}"
310,2025-01-02T01:44:00.0000000Z,BAR_V1,"{""InstrumentId"":{""Value"":""EURUSD""},""IntervalSeconds"":60,""StartUtc"":""2025-01-02T01:43:00Z"",""EndUtc"":""2025-01-02T01:44:00Z"",""Open"":1.11030,""High"":1.11030,""Low"":1.11030,""Close"":1.11030,""Volume"":1000}"
311,2025-01-02T01:44:00.0000000Z,BAR_V1,"{""InstrumentId"":{""Value"":""USDJPY""},""IntervalSeconds"":60,""StartUtc"":""2025-01-02T01:43:00Z"",""EndUtc"":""2025-01-02T01:44:00Z"",""Open"":146.030,""High"":146.030,""Low"":146.030,""Close"":146.030,""Volume"":1000}"
312,2025-01-02T01:44:00.0000000Z,BAR_V1,"{""InstrumentId"":{""Value"":""XAUUSD""},""IntervalSeconds"":60,""StartUtc"":""2025-01-02T01:43:00Z"",""EndUtc"":""2025-01-02T01:44:00Z"",""Open"":2010.30,""High"":2010.30,""Low"":2010.30,""Close"":2010.30,""Volume"":1}"
313,2025-01-02T01:45:00.0000000Z,BAR_V1,"{""InstrumentId"":{""Value"":""EURUSD""},""IntervalSeconds"":60,""StartUtc"":""2025-01-02T01:44:00Z"",""EndUtc"":""2025-01-02T01:45:00Z"",""Open"":1.11040,""High"":1.11040,""Low"":1.11040,""Close"":1.11040,""Volume"":1000}"
314,2025-01-02T01:45:00.0000000Z,BAR_V1,"{""InstrumentId"":{""Value"":""USDJPY""},""IntervalSeconds"":60,""StartUtc"":""2025-01-02T01:44:00Z"",""EndUtc"":""2025-01-02T01:45:00Z"",""Open"":146.040,""High"":146.040,""Low"":146.040,""Close"":146.040,""Volume"":1000}"
315,2025-01-02T01:45:00.0000000Z,BAR_V1,"{""InstrumentId"":{""Value"":""XAUUSD""},""IntervalSeconds"":60,""StartUtc"":""2025-01-02T01:44:00Z"",""EndUtc"":""2025-01-02T01:45:00Z"",""Open"":2010.40,""High"":2010.40,""Low"":2010.40,""Close"":2010.40,""Volume"":1}"
316,2025-01-02T01:46:00.0000000Z,BAR_V1,"{""InstrumentId"":{""Value"":""EURUSD""},""IntervalSeconds"":60,""StartUtc"":""2025-01-02T01:45:00Z"",""EndUtc"":""2025-01-02T01:46:00Z"",""Open"":1.11050,""High"":1.11050,""Low"":1.11050,""Close"":1.11050,""Volume"":1000}"
317,2025-01-02T01:46:00.0000000Z,BAR_V1,"{""InstrumentId"":{""Value"":""USDJPY""},""IntervalSeconds"":60,""StartUtc"":""2025-01-02T01:45:00Z"",""EndUtc"":""2025-01-02T01:46:00Z"",""Open"":146.050,""High"":146.050,""Low"":146.050,""Close"":146.050,""Volume"":1000}"
318,2025-01-02T01:46:00.0000000Z,BAR_V1,"{""InstrumentId"":{""Value"":""XAUUSD""},""IntervalSeconds"":60,""StartUtc"":""2025-01-02T01:45:00Z"",""EndUtc"":""2025-01-02T01:46:00Z"",""Open"":2010.50,""High"":2010.50,""Low"":2010.50,""Close"":2010.50,""Volume"":1}"
319,2025-01-02T01:47:00.0000000Z,BAR_V1,"{""InstrumentId"":{""Value"":""EURUSD""},""IntervalSeconds"":60,""StartUtc"":""2025-01-02T01:46:00Z"",""EndUtc"":""2025-01-02T01:47:00Z"",""Open"":1.11060,""High"":1.11060,""Low"":1.11060,""Close"":1.11060,""Volume"":1000}"
320,2025-01-02T01:47:00.0000000Z,BAR_V1,"{""InstrumentId"":{""Value"":""USDJPY""},""IntervalSeconds"":60,""StartUtc"":""2025-01-02T01:46:00Z"",""EndUtc"":""2025-01-02T01:47:00Z"",""Open"":146.060,""High"":146.060,""Low"":146.060,""Close"":146.060,""Volume"":1000}"
321,2025-01-02T01:47:00.0000000Z,BAR_V1,"{""InstrumentId"":{""Value"":""XAUUSD""},""IntervalSeconds"":60,""StartUtc"":""2025-01-02T01:46:00Z"",""EndUtc"":""2025-01-02T01:47:00Z"",""Open"":2010.60,""High"":2010.60,""Low"":2010.60,""Close"":2010.60,""Volume"":1}"
322,2025-01-02T01:48:00.0000000Z,BAR_V1,"{""InstrumentId"":{""Value"":""EURUSD""},""IntervalSeconds"":60,""StartUtc"":""2025-01-02T01:47:00Z"",""EndUtc"":""2025-01-02T01:48:00Z"",""Open"":1.11070,""High"":1.11070,""Low"":1.11070,""Close"":1.11070,""Volume"":1000}"
323,2025-01-02T01:48:00.0000000Z,BAR_V1,"{""InstrumentId"":{""Value"":""USDJPY""},""IntervalSeconds"":60,""StartUtc"":""2025-01-02T01:47:00Z"",""EndUtc"":""2025-01-02T01:48:00Z"",""Open"":146.070,""High"":146.070,""Low"":146.070,""Close"":146.070,""Volume"":1000}"
324,2025-01-02T01:48:00.0000000Z,BAR_V1,"{""InstrumentId"":{""Value"":""XAUUSD""},""IntervalSeconds"":60,""StartUtc"":""2025-01-02T01:47:00Z"",""EndUtc"":""2025-01-02T01:48:00Z"",""Open"":2010.70,""High"":2010.70,""Low"":2010.70,""Close"":2010.70,""Volume"":1}"
325,2025-01-02T01:49:00.0000000Z,BAR_V1,"{""InstrumentId"":{""Value"":""EURUSD""},""IntervalSeconds"":60,""StartUtc"":""2025-01-02T01:48:00Z"",""EndUtc"":""2025-01-02T01:49:00Z"",""Open"":1.11080,""High"":1.11080,""Low"":1.11080,""Close"":1.11080,""Volume"":1000}"
326,2025-01-02T01:49:00.0000000Z,BAR_V1,"{""InstrumentId"":{""Value"":""USDJPY""},""IntervalSeconds"":60,""StartUtc"":""2025-01-02T01:48:00Z"",""EndUtc"":""2025-01-02T01:49:00Z"",""Open"":146.080,""High"":146.080,""Low"":146.080,""Close"":146.080,""Volume"":1000}"
327,2025-01-02T01:49:00.0000000Z,BAR_V1,"{""InstrumentId"":{""Value"":""XAUUSD""},""IntervalSeconds"":60,""StartUtc"":""2025-01-02T01:48:00Z"",""EndUtc"":""2025-01-02T01:49:00Z"",""Open"":2010.80,""High"":2010.80,""Low"":2010.80,""Close"":2010.80,""Volume"":1}"
328,2025-01-02T01:50:00.0000000Z,BAR_V1,"{""InstrumentId"":{""Value"":""EURUSD""},""IntervalSeconds"":60,""StartUtc"":""2025-01-02T01:49:00Z"",""EndUtc"":""2025-01-02T01:50:00Z"",""Open"":1.11090,""High"":1.11090,""Low"":1.11090,""Close"":1.11090,""Volume"":1000}"
329,2025-01-02T01:50:00.0000000Z,BAR_V1,"{""InstrumentId"":{""Value"":""USDJPY""},""IntervalSeconds"":60,""StartUtc"":""2025-01-02T01:49:00Z"",""EndUtc"":""2025-01-02T01:50:00Z"",""Open"":146.090,""High"":146.090,""Low"":146.090,""Close"":146.090,""Volume"":1000}"
330,2025-01-02T01:50:00.0000000Z,BAR_V1,"{""InstrumentId"":{""Value"":""XAUUSD""},""IntervalSeconds"":60,""StartUtc"":""2025-01-02T01:49:00Z"",""EndUtc"":""2025-01-02T01:50:00Z"",""Open"":2010.90,""High"":2010.90,""Low"":2010.90,""Close"":2010.90,""Volume"":1}"
331,2025-01-02T01:51:00.0000000Z,BAR_V1,"{""InstrumentId"":{""Value"":""EURUSD""},""IntervalSeconds"":60,""StartUtc"":""2025-01-02T01:50:00Z"",""EndUtc"":""2025-01-02T01:51:00Z"",""Open"":1.11100,""High"":1.11100,""Low"":1.11100,""Close"":1.11100,""Volume"":1000}"
332,2025-01-02T01:51:00.0000000Z,BAR_V1,"{""InstrumentId"":{""Value"":""USDJPY""},""IntervalSeconds"":60,""StartUtc"":""2025-01-02T01:50:00Z"",""EndUtc"":""2025-01-02T01:51:00Z"",""Open"":146.100,""High"":146.100,""Low"":146.100,""Close"":146.100,""Volume"":1000}"
333,2025-01-02T01:51:00.0000000Z,BAR_V1,"{""InstrumentId"":{""Value"":""XAUUSD""},""IntervalSeconds"":60,""StartUtc"":""2025-01-02T01:50:00Z"",""EndUtc"":""2025-01-02T01:51:00Z"",""Open"":2011.00,""High"":2011.00,""Low"":2011.00,""Close"":2011.00,""Volume"":1}"
334,2025-01-02T01:52:00.0000000Z,BAR_V1,"{""InstrumentId"":{""Value"":""EURUSD""},""IntervalSeconds"":60,""StartUtc"":""2025-01-02T01:51:00Z"",""EndUtc"":""2025-01-02T01:52:00Z"",""Open"":1.11110,""High"":1.11110,""Low"":1.11110,""Close"":1.11110,""Volume"":1000}"
335,2025-01-02T01:52:00.0000000Z,BAR_V1,"{""InstrumentId"":{""Value"":""USDJPY""},""IntervalSeconds"":60,""StartUtc"":""2025-01-02T01:51:00Z"",""EndUtc"":""2025-01-02T01:52:00Z"",""Open"":146.110,""High"":146.110,""Low"":146.110,""Close"":146.110,""Volume"":1000}"
336,2025-01-02T01:52:00.0000000Z,BAR_V1,"{""InstrumentId"":{""Value"":""XAUUSD""},""IntervalSeconds"":60,""StartUtc"":""2025-01-02T01:51:00Z"",""EndUtc"":""2025-01-02T01:52:00Z"",""Open"":2011.10,""High"":2011.10,""Low"":2011.10,""Close"":2011.10,""Volume"":1}"
337,2025-01-02T01:53:00.0000000Z,BAR_V1,"{""InstrumentId"":{""Value"":""EURUSD""},""IntervalSeconds"":60,""StartUtc"":""2025-01-02T01:52:00Z"",""EndUtc"":""2025-01-02T01:53:00Z"",""Open"":1.11120,""High"":1.11120,""Low"":1.11120,""Close"":1.11120,""Volume"":1000}"
338,2025-01-02T01:53:00.0000000Z,BAR_V1,"{""InstrumentId"":{""Value"":""USDJPY""},""IntervalSeconds"":60,""StartUtc"":""2025-01-02T01:52:00Z"",""EndUtc"":""2025-01-02T01:53:00Z"",""Open"":146.120,""High"":146.120,""Low"":146.120,""Close"":146.120,""Volume"":1000}"
339,2025-01-02T01:53:00.0000000Z,BAR_V1,"{""InstrumentId"":{""Value"":""XAUUSD""},""IntervalSeconds"":60,""StartUtc"":""2025-01-02T01:52:00Z"",""EndUtc"":""2025-01-02T01:53:00Z"",""Open"":2011.20,""High"":2011.20,""Low"":2011.20,""Close"":2011.20,""Volume"":1}"
340,2025-01-02T01:54:00.0000000Z,BAR_V1,"{""InstrumentId"":{""Value"":""EURUSD""},""IntervalSeconds"":60,""StartUtc"":""2025-01-02T01:53:00Z"",""EndUtc"":""2025-01-02T01:54:00Z"",""Open"":1.11130,""High"":1.11130,""Low"":1.11130,""Close"":1.11130,""Volume"":1000}"
341,2025-01-02T01:54:00.0000000Z,BAR_V1,"{""InstrumentId"":{""Value"":""USDJPY""},""IntervalSeconds"":60,""StartUtc"":""2025-01-02T01:53:00Z"",""EndUtc"":""2025-01-02T01:54:00Z"",""Open"":146.130,""High"":146.130,""Low"":146.130,""Close"":146.130,""Volume"":1000}"
342,2025-01-02T01:54:00.0000000Z,BAR_V1,"{""InstrumentId"":{""Value"":""XAUUSD""},""IntervalSeconds"":60,""StartUtc"":""2025-01-02T01:53:00Z"",""EndUtc"":""2025-01-02T01:54:00Z"",""Open"":2011.30,""High"":2011.30,""Low"":2011.30,""Close"":2011.30,""Volume"":1}"
343,2025-01-02T01:55:00.0000000Z,BAR_V1,"{""InstrumentId"":{""Value"":""EURUSD""},""IntervalSeconds"":60,""StartUtc"":""2025-01-02T01:54:00Z"",""EndUtc"":""2025-01-02T01:55:00Z"",""Open"":1.11140,""High"":1.11140,""Low"":1.11140,""Close"":1.11140,""Volume"":1000}"
344,2025-01-02T01:55:00.0000000Z,BAR_V1,"{""InstrumentId"":{""Value"":""USDJPY""},""IntervalSeconds"":60,""StartUtc"":""2025-01-02T01:54:00Z"",""EndUtc"":""2025-01-02T01:55:00Z"",""Open"":146.140,""High"":146.140,""Low"":146.140,""Close"":146.140,""Volume"":1000}"
345,2025-01-02T01:55:00.0000000Z,BAR_V1,"{""InstrumentId"":{""Value"":""XAUUSD""},""IntervalSeconds"":60,""StartUtc"":""2025-01-02T01:54:00Z"",""EndUtc"":""2025-01-02T01:55:00Z"",""Open"":2011.40,""High"":2011.40,""Low"":2011.40,""Close"":2011.40,""Volume"":1}"
346,2025-01-02T01:56:00.0000000Z,BAR_V1,"{""InstrumentId"":{""Value"":""EURUSD""},""IntervalSeconds"":60,""StartUtc"":""2025-01-02T01:55:00Z"",""EndUtc"":""2025-01-02T01:56:00Z"",""Open"":1.11150,""High"":1.11150,""Low"":1.11150,""Close"":1.11150,""Volume"":1000}"
347,2025-01-02T01:56:00.0000000Z,BAR_V1,"{""InstrumentId"":{""Value"":""USDJPY""},""IntervalSeconds"":60,""StartUtc"":""2025-01-02T01:55:00Z"",""EndUtc"":""2025-01-02T01:56:00Z"",""Open"":146.150,""High"":146.150,""Low"":146.150,""Close"":146.150,""Volume"":1000}"
348,2025-01-02T01:56:00.0000000Z,BAR_V1,"{""InstrumentId"":{""Value"":""XAUUSD""},""IntervalSeconds"":60,""StartUtc"":""2025-01-02T01:55:00Z"",""EndUtc"":""2025-01-02T01:56:00Z"",""Open"":2011.50,""High"":2011.50,""Low"":2011.50,""Close"":2011.50,""Volume"":1}"
349,2025-01-02T01:57:00.0000000Z,BAR_V1,"{""InstrumentId"":{""Value"":""EURUSD""},""IntervalSeconds"":60,""StartUtc"":""2025-01-02T01:56:00Z"",""EndUtc"":""2025-01-02T01:57:00Z"",""Open"":1.11160,""High"":1.11160,""Low"":1.11160,""Close"":1.11160,""Volume"":1000}"
350,2025-01-02T01:57:00.0000000Z,BAR_V1,"{""InstrumentId"":{""Value"":""USDJPY""},""IntervalSeconds"":60,""StartUtc"":""2025-01-02T01:56:00Z"",""EndUtc"":""2025-01-02T01:57:00Z"",""Open"":146.160,""High"":146.160,""Low"":146.160,""Close"":146.160,""Volume"":1000}"
351,2025-01-02T01:57:00.0000000Z,BAR_V1,"{""InstrumentId"":{""Value"":""XAUUSD""},""IntervalSeconds"":60,""StartUtc"":""2025-01-02T01:56:00Z"",""EndUtc"":""2025-01-02T01:57:00Z"",""Open"":2011.60,""High"":2011.60,""Low"":2011.60,""Close"":2011.60,""Volume"":1}"
352,2025-01-02T01:58:00.0000000Z,BAR_V1,"{""InstrumentId"":{""Value"":""EURUSD""},""IntervalSeconds"":60,""StartUtc"":""2025-01-02T01:57:00Z"",""EndUtc"":""2025-01-02T01:58:00Z"",""Open"":1.11170,""High"":1.11170,""Low"":1.11170,""Close"":1.11170,""Volume"":1000}"
353,2025-01-02T01:58:00.0000000Z,BAR_V1,"{""InstrumentId"":{""Value"":""USDJPY""},""IntervalSeconds"":60,""StartUtc"":""2025-01-02T01:57:00Z"",""EndUtc"":""2025-01-02T01:58:00Z"",""Open"":146.170,""High"":146.170,""Low"":146.170,""Close"":146.170,""Volume"":1000}"
354,2025-01-02T01:58:00.0000000Z,BAR_V1,"{""InstrumentId"":{""Value"":""XAUUSD""},""IntervalSeconds"":60,""StartUtc"":""2025-01-02T01:57:00Z"",""EndUtc"":""2025-01-02T01:58:00Z"",""Open"":2011.70,""High"":2011.70,""Low"":2011.70,""Close"":2011.70,""Volume"":1}"
355,2025-01-02T01:59:00.0000000Z,BAR_V1,"{""InstrumentId"":{""Value"":""EURUSD""},""IntervalSeconds"":60,""StartUtc"":""2025-01-02T01:58:00Z"",""EndUtc"":""2025-01-02T01:59:00Z"",""Open"":1.11180,""High"":1.11180,""Low"":1.11180,""Close"":1.11180,""Volume"":1000}"
356,2025-01-02T01:59:00.0000000Z,BAR_V1,"{""InstrumentId"":{""Value"":""USDJPY""},""IntervalSeconds"":60,""StartUtc"":""2025-01-02T01:58:00Z"",""EndUtc"":""2025-01-02T01:59:00Z"",""Open"":146.180,""High"":146.180,""Low"":146.180,""Close"":146.180,""Volume"":1000}"
357,2025-01-02T01:59:00.0000000Z,BAR_V1,"{""InstrumentId"":{""Value"":""XAUUSD""},""IntervalSeconds"":60,""StartUtc"":""2025-01-02T01:58:00Z"",""EndUtc"":""2025-01-02T01:59:00Z"",""Open"":2011.80,""High"":2011.80,""Low"":2011.80,""Close"":2011.80,""Volume"":1}"
